CCG Code,Practice Code,Practice Name,GP Prevalence
NA,E85755,NORTH HYDE MEDICAL PRACTICE,11.5
NA,P86627,TRIPLE H PRACTICE,0.9
99Q,L83078,ST. LUKES MEDICAL CENTRE,7.6
99Q,L83126,BISHOPS PLACE SURGERY,7.1
99Q,L83103,CORNER PLACE SURGERY,7.0
99Q,L83666,BUCKLAND SURGERY,6.9
99Q,L83607,OLD FARM SURGERY,6.8
99Q,L83145,RICHMOND HOUSE SURGERY,6.6
99Q,L83149,CHERRYBROOK MEDICAL CENTRE,6.6
99Q,L83667,OLD MILL SURGERY,6.5
99Q,L83122,GROSVENOR ROAD SURGERY,6.5
99Q,L83148,CHILLINGTON HEALTH CENTRE,6.4
99P,L83647,HATHERLEIGH MEDICAL CENTRE,7.6
99P,L83663,BLACK TORRINGTON SURGERY,7.5
99P,L83080,ARMADA SURGERY,7.3
99P,L83073,BRANNAMS MEDICAL CENTRE,7.3
99P,L83626,SALTASH ROAD SURGERY,7.3
99P,L83054,TOWNSEND HOUSE MEDICAL CENTRE,6.9
99P,L83115,WHIPTON SURGERY,6.8
99P,L83107,CROWNHILL SURGERY,6.8
99P,L83074,STIRLING ROAD SURGERY,6.8
99P,L83048,ROBOROUGH SURGERY,6.7
99N,J83011,GIFFORDS PRIMARY CARE CENTRE,6.5
99N,J83619,COURTYARD SURGERY,6.4
99N,J83039,NORTHLANDS SURGERY,6.2
99N,J83639,ST. DAMIAN'S SURGERY,6.1
99N,J83046,SPA MEDICAL CENTRE,6.0
99N,J83629,SILTON SURGERY,6.0
99N,J83060,MERE SURGERY,5.9
99N,J83048,ST. MELOR HOUSE SURGERY,5.8
99N,J83042,ROWDEN SURGERY,5.8
99N,J83034,LANSDOWNE SURGERY,5.8
99M,J82181,MAYFIELD MEDICAL CENTRE,6.1
99M,J82125,JENNER HOUSE SURGERY,5.9
99M,J82049,HARTLEY CORNER SURGERY,5.7
99M,J82015,GIFFARD DRIVE SURGERY,5.7
99M,J82142,THE BORDER PRACTICE,5.7
99M,H81097,O'DONNELL & PARTNERS,5.6
99M,J82030,VICTORIA PRACTICE,5.6
99M,J82066,SOUTHLEA GROUP PRACTICE,5.3
99M,J82052,THE OAKLANDS PRACTICE,5.2
99M,J82178,PRINCES GARDENS SURGERY,5.0
99K,G81053,ROWE AVENUE SURGERY,8.1
99K,G81100,MERIDIAN SURGERY,7.7
99K,G81016,QUAYSIDE MEDICAL PRACTICE,7.1
99K,G81692,THE CENTRAL SURGERY,5.9
99K,G81055,SAXONBURY HOUSE SURGERY,5.8
99K,G81061,CHAPEL STREET SURGERY,5.3
99K,G81035,RIVER LODGE SURGERY,5.2
99K,G81627,FOXHILL MEDICAL CENTRE,5.2
99K,G81021,SCHOOL HILL MEDICAL PRACTICE,5.1
99K,G81088,HEATHFIELD SURGERY,5.1
99J,G82793,ALLINGTON PARK,9.0
99J,G82641,WALLIS AVENUE,6.9
99J,G82065,DR SINHA GC,6.6
99J,G82085,SNODLAND MEDICAL PRACTICE,6.2
99J,G82234,PHOENIX,6.1
99J,G82754,HADLOW MEDICAL CENTRE,6.1
99J,G82137,ST. ANDREWS MEDICAL CENTRE,5.9
99J,G82055,NORTH RIDGE MEDICAL PRACTICE,5.9
99J,G82691,LANGLEY,5.9
99J,G82118,PADDOCK WOOD,5.9
99H,H81627,COX LANE SURGERY,6.7
99H,H81118,AURIOL MEDICAL PRACTICE,6.5
99H,H81618,MOLEBRIDGE PRACTICE,5.6
99H,H81656,SHADBOLT PARK HOUSE SURGERY,5.6
99H,H81613,STONELEIGH SURGERY,5.5
99H,H81091,SPRING STREET SURGERY,5.4
99H,H81106,NORTH HOLMWOOD SURGERY,5.3
99H,H81081,TADWORTH MEDICAL CENTRE,5.2
99H,H81078,GLENLYN MEDICAL CENTRE,5.0
99H,H81071,ASHLEY CENTRE SURGERY,5.0
99G,F81176,DR NK SHAH,7.4
99G,F81147,DR GEORGE,7.0
99G,F81200,DR SATHANANDAN,6.7
99G,F81209,DR WEEKS,6.6
99G,F81223,DR MALIK,6.6
99G,F81003,DRS VERGHESE & KHAN,6.5
99G,F81649,DR SCHEMBRI,6.3
99G,F81656,DR VASHISHT,6.3
99G,F81676,DR KONGAR,6.3
99G,F81128,DR ZAIDI,6.2
99F,F81661,LEIGH BECK SURGERY,8.0
99F,F81096,OAKLANDS SURGERY,7.8
99F,F81699,QURESHI PRACTICE,7.3
99F,F81205,GHAURI PRACTICE,7.3
99F,F81618,HIGH ROAD FAMILY DOCTORS,6.9
99F,F81061,CONNER & PARTNERS,6.5
99F,F81051,DR CHAVDA & PARTNERS,6.5
99F,F81070,GRAFTON SURGERY,6.4
99F,F81739,THE ISLAND SURGERY,6.4
99F,F81007,"DR PUZEY,DR KOTHARI AND DR NANDA",6.4
99E,Y00469,DR MA SIMS' PRACTICE,9.7
99E,Y00468,DIPPLE MEDICAL CENTRE,8.4
99E,F81060,DR NG NEWPORT'S PRACTICE,8.1
99E,F81158,DR NASAH & PARTNERS,7.7
99E,Y00758,DR JO ARAYOMI'S PRACTICE,7.1
99E,F81186,DR KK ABRAHAM'S PRACTICE,7.1
99E,F81168,SOUTHVIEW PARK SURGERY,6.7
99E,F81710,DR HS RAO'S PRACTICE,6.6
99E,F81151,MALLING HEALTH - DIPPLE MEDICAL CENTRE,6.5
99E,F81743,WICKFORD PMS PRACTICE,6.5
99D,C83063,LONG SUTTON MEDICAL CENTRE,8.3
99D,C83036,GOSBERTON MEDICAL CENTRE,8.1
99D,C83039,MOULTON MEDICAL CENTRE,7.5
99D,C83022,MUNRO MEDICAL CENTRE,7.0
99D,C83065,LITTLEBURY MEDICAL CENTRE,6.3
99D,C83003,BEECHFIELD MEDICAL CENTRE,6.2
99D,C83631,PENNYGATE SURGERY,6.1
99D,C83617,ABBEYVIEW SURGERY,5.9
99D,C83614,SUTTERTON SURGERY,5.8
99D,C83017,ST. MARY'S MEDICAL CENTRE,5.6
99C,A87015,APPLEBY SURGERY,8.1
99C,A87027,GARDEN PARK SURGERY,7.9
99C,A87002,SPRING TERRACE HEALTH CENTRE,6.9
99C,A87612,WELLSPRING MEDICAL PRACTICE,6.8
99C,A87017,WOODLANDS PARK HEALTH CENTRE,6.8
99C,A87013,BEWICKE MEDICAL CENTRE,6.6
99C,A87012,WIDEOPEN MEDICAL CENTRE,6.4
99C,A87029,PARK ROAD MEDICAL PRACTICE,6.3
99C,A87019,NELSON MEDICAL GROUP,6.3
99C,A87014,EARSDON PARK MEDICAL PRACTICE,6.2
99A,N82621,SPEKE NEIGHBOURHOOD HEALTH CENTRE,8.0
99A,N82001,THE MARGARET THOMPSON MEDICAL CENTRE,7.8
99A,N82019,LANGBANK MEDICAL CENTRE,7.8
99A,N82109,SPEKE NEIGHBOURHOOD HEALTH CENTRE,7.7
99A,N82082,DR PRASAD'S PRACTICE,7.7
99A,N82034,THE VILLAGE SURGERY,7.2
99A,N82084,GATEACRE BROW SURGERY,7.2
99A,N82002,YEW TREE CENTRE,6.9
99A,N82078,J.W. ROBERTS,6.8
99A,N82663,DR K PRAMANIK'S PRACTICE,6.8
12F,N85614,MANTGANI AB & PARTNERS (SEABANK),8.1
12F,N85034,"PARKFIELD MEDICAL CENTRE, HAWTHORNTHWAITE EM",7.5
12F,N85634,"VITTORIA MEDICAL CENTRE, MURTY KS",7.2
12F,N85009,"COMMONFIELD RD SURGERY, BRODBIN C",7.0
12F,N85012,"ST. GEORGES MEDICAL CENTRE, RUDNICK S",7.0
12F,N85625,MANTGANI AB & PARTNERS (MIRIAM),7.0
12F,N85619,MANTGANI AB & PARTNERS (EARLSTON),7.0
12F,N85629,"EGREMONT MEDICAL CENTRE, HICKEY JJM",6.9
12F,N85029,"FENDER WAY HEALTH CENTRE, REAM JE",6.8
12F,N85013,"UPTON GROUP PRACTICE, LARKIN PS",6.8
12D,J83059,THE LAWN MEDICAL CENTRE,7.2
12D,J83033,WHALEBRIDGE PRACTICE,7.1
12D,J83031,MOREDON MEDICAL CENTRE,7.0
12D,J83038,KINGSWOOD SURGERY,6.9
12D,J83024,PRIORY ROAD MEDICAL CENTRE,6.8
12D,J83027,HAWTHORN MEDICAL CENTRE,6.7
12D,J83646,PARK LANE PRACTICE,6.4
12D,J83002,WESTROP SURGERY,6.2
12D,J83025,GREAT WESTERN SURGERY,6.1
12D,J83009,RIDGEWAY VIEW FAMILY PRACTICE,5.8
12A,L81047,WEST WALK SURGERY,5.7
12A,L81046,LEAP VALLEY SURGERY,5.6
12A,L81036,CONISTON MEDICAL PRACTICE,5.6
12A,L81134,THE OAKS MEDICAL PRACTICE,5.4
12A,L81642,WELLINGTON ROAD SURGERY,5.4
12A,L81055,ORCHARD MEDICAL CENTRE,5.4
12A,L81063,KINGSWOOD HEALTH CENTRE,5.4
12A,L81117,PILNING SURGERY,5.3
12A,L81026,CHRISTCHURCH FAMILY MEDICAL CENTRE,5.3
12A,L81014,FROME VALLEY MEDICAL CENTRE,5.2
11X,L85016,BURNHAM MEDICAL CENTRE,7.0
11X,L85030,"ESSEX HOUSE MEDICAL CENTRE, CHARD",6.7
11X,L85005,SOMERTON SURGERY COX'S YARD SOMERTON,6.6
11X,L85608,PORLOCK MEDICAL CENTRE,6.5
11X,L85607,SOMERSET BRIDGE MEDICAL CENTRE,6.5
11X,L85051,REDGATE MEDICAL CENTRE,6.5
11X,L85019,HARLEY HOUSE SURGERY,6.5
11X,L85062,LYNGFORD PARK,6.4
11X,L85004,"CREWKERNE HEALTH CENTRE, CREWKERNE",6.3
11X,L85010,HIGHBRIDGE MEDICAL CENTRE,6.3
11T,L81043,LONGTON GROVE SURGERY,7.1
11T,L81119,CLARENCE PARK SURGERY,6.7
11T,L81670,LOCALITY HEALTH CENTRE,6.6
11T,Y02580,WESTON GP HEALTHCARE CENTRE,6.5
11T,L81051,NEW COURT SURGERY,6.4
11T,L81085,HEYWOOD FAMILY PRACTICE,6.0
11T,L81102,SUNNYSIDE SURGERY,5.8
11T,L81116,THE GREEN PRACTICE,5.7
11T,L81643,THE CEDARS SURGERY,5.7
11T,L81040,CLEVEDON RIVERSIDE GROUP,5.6
11N,L82620,HARRIS MEMORIAL SURGERY,7.9
11N,L82014,TREVITHICK SURGERY,7.3
11N,L82008,STRATTON THE MEDICAL CENTRE,7.1
11N,L82044,VEOR SURGERY,7.0
11N,L82038,CAPE CORNWALL SURGERY,7.0
11N,L82618,DR GARROD THE MEDICAL CENTRE,6.9
11N,L82026,ST. BLAZEY SURGERY,6.8
11N,L82025,MEVAGISSEY SURGERY,6.4
11N,L82037,PENSILVA THE HEALTH CENTRE,6.4
11N,L82016,OAK TREE SURGERY,6.3
11M,L84613,STONEHOUSE HEALTH CLINIC,8.9
11M,L84042,LONDON ROAD MEDICAL PRACTICE,8.2
11M,L84001,BARTONGATE SURGERY,7.7
11M,L84069,COLEFORD HEALTH CENTRE,7.7
11M,L84084,BROCKWORTH SURGERY,7.5
11M,L84026,HEATHVILLE ROAD SURGERY,7.4
11M,L84045,MITCHELDEAN SURGERY,7.3
11M,L84606,COLLEGE YARD & HIGHNAM,7.2
11M,L84052,PARK HEALTH CENTRE(WG),7.2
11M,L84024,DRYBROOK SURGERY,7.1
11J,J81064,POOLE TOWN SURGERY,7.5
11J,J81648,DR NEWMAN,7.3
11J,J81045,KINSON ROAD MEDICAL CENTRE,7.3
11J,J81063,DURDELLS AVENUE SURGERY,7.3
11J,J81640,VILLAGE MEDICAL PRACTICE,7.3
11J,J81028,HIGHCLIFFE MEDICAL CENTRE,7.1
11J,J81038,NORTHBOURNE SURGERY,7.0
11J,J81631,SANDFORD SURGERY,7.0
11J,J81090,THE LANEHOUSE SURGERY,6.9
11J,J81057,FARMHOUSE SURGERY,6.8
11H,L81648,THE MAYTREES PRACTICE,8.5
11H,L81015,SEYMOUR MEDICAL PRACTICE,7.8
11H,L81658,SUSSEX PLACE SURGERY,7.1
11H,L81009,STOCKWOOD MEDICAL CENTRE,6.9
11H,L81041,HILLVIEW FAMILY PRACTICE,6.7
11H,L81054,GRANGE ROAD SURGERY,6.5
11H,L81094,THE MERRYWOOD PRACTICE,6.4
11H,L81099,RIDINGLEAZE MEDICAL CENTRE,6.2
11H,L81032,THE WEDMORE PRACTICE,6.2
11H,L81089,LAWRENCE HILL HEALTH CENTRE,6.1
11E,L81064,TEMPLE HOUSE PRACTICE,6.1
11E,L81122,ST. MARY'S SURGERY,6.0
11E,L81069,ST. MICHAEL'S SURGERY,5.9
11E,L81025,ST. CHADS SURGERY,5.6
11E,L81059,ELM HAYES SURGERY,5.5
11E,L81101,SOMERTON HOUSE SURGERY,5.5
11E,L81049,NUMBER 18 SURGERY,5.3
11E,L81073,WEST VIEW SURGERY,5.2
11E,L81080,ST. JAMES'S SURGERY,5.2
11E,L81010,HOPE HOUSE SURGERY,5.1
11D,K81051,WOODLEY PRACTICE,5.0
11D,K81069,LODDON VALE PRACTICE,5.0
11D,K81638,BURMA HILL PRACTICE,4.8
11D,K81622,WILDERNESS PRACTICE,4.5
11D,K81045,PARKSIDE PRACTICE,4.5
11D,K81003,SWALLOWFIELD PRACTICE,4.2
11D,K81047,BROOKSIDE PRACTICE,4.0
11D,K81025,FINCHAMPSTEAD PRACTICE,4.0
11D,K81070,TWYFORD PRACTICE,3.9
11D,K81080,THE NEW SURGERY,3.8
11C,K81655,RADNOR HOUSE SURGERY,6.1
11C,K81015,WOODLANDS PARK SURGERY,5.6
11C,K81667,TAPLOW HEALTH CENTRE,5.6
11C,K81021,DATCHET HEALTH CENTRE,5.4
11C,K81097,REDWOOD HOUSE SURGERY,5.2
11C,K81046,LEE HOUSE SURGERY,5.1
11C,K81036,THE CEDARS SURGERY,5.0
11C,K81091,HOLYPORT SURGERY,4.8
11C,H81047,RUNNYMEDE MEDICAL PRACTICE,4.8
11C,K81068,SHEET STREET SURGERY,4.6
11A,J82029,NEW MILTON HEALTH CENTRE,6.6
11A,J82620,LEIGHSIDE PRACTICE,6.2
11A,J82214,WHITCHURCH SURGERY,6.1
11A,J82156,WATERFRONT AND SOLENT SURGERY,5.9
11A,J82132,TESTVALE SURGERY,5.8
11A,J82008,WEST END SURGERY,5.8
11A,J82075,CHAWTON HOUSE SURGERY,5.8
11A,J82097,TOTTON HEALTH CENTRE,5.7
11A,J82007,THE ARNEWOOD PRACTICE MILTON MEDICAL CENTRE,5.6
11A,J82039,RINGWOOD MEDICAL CENTRE,5.6
10Y,K82014,OAKFIELD SURGERY,6.4
10Y,K82019,THE MANDEVILLE PRACTICE,6.1
10Y,K82040,WHITEHILL SURGERY,5.8
10Y,K82034,WELLINGTON HOUSE SURGERY,5.8
10Y,K82038,POPLAR GROVE PRACTICE,5.6
10Y,K82043,NORDEN HOUSE SURGERY,5.5
10Y,K82068,WADDESDON SURGERY,5.5
10Y,K82018,MEADOWCROFT SURGERY,4.9
10Y,K82073,WESTONGROVE PARTNERSHIP,4.7
10Y,K82061,ASHCROFT SURGERY,4.6
10X,J82651,SPITFIRE COURT SURGERY,7.5
10X,Y02838,ADELAIDE GP SURGERY,6.7
10X,J82040,WEST END ROAD SURGERY,6.5
10X,J82024,NICHOLS TOWN SURGERY,6.5
10X,J82002,LORDSHILL HEALTH CENTRE,6.5
10X,J82141,BATH LODGE PRACTICE,6.3
10X,J82092,ALDERMOOR SURGERY,6.2
10X,J82122,ALMA ROAD SURGERY,6.2
10X,J82619,LINFIELD SURGERY,6.2
10X,J82187,WESTON LANE SURGERY,6.1
10W,K81613,KENNET SURGERY,7.8
10W,K81026,CHATHAM STREET SURGERY,6.6
10W,K81072,LONDON ROAD SURGERY,6.5
10W,K81048,LONG BARN LANE SURGERY,5.5
10W,K81101,MILMAN ROAD SURGERY DR KUMAR,5.5
10W,K81040,MILMAN ROAD SURGERY DR LISTER,5.4
10W,K81078,GROVELANDS MEDICAL CENTRE,5.2
10W,K81056,WESTWOOD ROAD SURGERY,4.9
10W,K81633,SOUTH READING SURGERY,4.9
10W,K81044,MELROSE SURGERY DR FAB WILLIAMS,4.7
10V,J82210,THE ELMS PRACTICE,8.3
10V,J82657,GREYWELLS MEDICAL CENTRE,8.2
10V,J82650,MIDDLE PARK MEDICAL CENTRE,7.1
10V,J82021,WATERSIDE MEDICAL PRACTICE,6.8
10V,J82032,THE CURLEW PRACTICE,6.7
10V,J82093,STAKES LODGE SURGERY,6.6
10V,J82609,QUEENSWOOD SURGERY,6.4
10V,J82041,THE STAUNTON SURGERY,6.2
10V,J82196,THE HOMEWELL PRACTICE,6.2
10V,J82010,THE BOSMERE MEDICAL PRACTICE,6.1
10T,K81608,DR NABI,9.4
10T,K81083,BHARANI MEDICAL CENTRE,9.4
10T,K81005,WEXHAM ROAD SURGERY,9.2
10T,K81039,THE AVENUE MEDICAL CENTRE,8.0
10T,K81024,LANGLEY HEALTH CENTRE,7.7
10T,K81645,240 WEXHAM ROAD,7.6
10T,K81043,HERSCHEL MEDICAL CENTRE,6.9
10T,K81034,CROSBY HOUSE SURGERY,6.8
10T,K81075,FARNHAM ROAD PRACTICE,6.2
10T,K81089,DR BURDEN,5.9
10R,J82060,DR TUTTE & PARTNER,6.9
10R,J82086,DR KLEMENZ & PARTNERS,6.5
10R,J82085,DR ROBINSON & PARTNERS,6.5
10R,J82004,DR ATCHISON & PARTNERS,6.4
10R,J82038,DR ALLCOCK & PARTNERS,6.3
10R,J82155,PORTSDOWN GROUP PRACTICE,6.1
10R,J82194,MILTON PARK PRACTICE,6.0
10R,J82031,DR CG WADE,6.0
10R,J82117,THE HANWAY GROUP PRACTICE,5.9
10R,J82177,JOHN POUNDS SURGERY,5.8
10Q,K84045,GOSFORD HILL MEDICAL CENTRE,6.5
10Q,K84023,BERINSFIELD HEALTH CENTRE,6.4
10Q,K84032,BARTLEMAS SURGERY,6.2
10Q,K84031,THE LEYS HEALTH CENTRE,6.2
10Q,K84038,MONTGOMERY HOUSE SURGERY,6.1
10Q,K84608,DONNINGTON HEALTH CENTRE (MEHTA),6.0
10Q,K84004,DR ANSCOMBE AND PARTNERS,5.8
10Q,K84024,WINDRUSH SURGERY,5.7
10Q,K84082,DR PANDHER & EVANS AND PARTNERS,5.6
10Q,K84033,CHURCH STREET PRACTICE,5.5
10N,K81067,CIRCUIT LANE SURGERY,5.5
10N,K81004,TILEHURST SURGERY,4.7
10N,K81041,EMMER GREEN SURGERY,4.6
10N,K81077,THEALE MEDICAL CENTRE,4.6
10N,K81027,MORTIMER SURGERY,4.2
10N,K81062,WESTERN ELMS SURGERY,3.9
10N,K81014,BALMORE PARK SURGERY,3.8
10N,K81054,PRIORY AVENUE SURGERY,3.6
10N,K81012,THE BOAT HOUSE SURGERY,3.5
10N,K81647,PEPPARD ROAD SURGERY,2.6
10M,K81052,LAMBOURN SURGERY,4.7
10M,K81073,THATCHAM HEALTH CENTRE,4.5
10M,K81017,FALKLAND SURGERY,4.2
10M,K81057,HUNGERFORD SURGERY,4.2
10M,K81002,EASTFIELD HOUSE SURGERY,4.0
10M,K81063,ST. MARY'S ROAD SURGERY,4.0
10M,J82054,KINTBURY & WOOLTON HILL SURGERY,3.9
10M,K81103,CHAPEL ROW SURGERY,3.7
10M,K81061,NORTHCROFT SURGERY,3.7
10M,K81102,BURDWOOD SURGERY,3.4
10L,J84016,SOUTH WIGHT MEDICAL PRACTICE,6.7
10L,J84008,ARGYLL HOUSE,6.6
10L,J84013,SANDOWN HEALTH CENTRE,6.4
10L,J84017,MEDINA HEALTHCARE,6.3
10L,J84007,ST. HELENS MEDICAL CENTRE,6.2
10L,J84010,SHANKLIN MEDICAL CENTRE,6.2
10L,J84602,GARFIELD ROAD SURGERY,6.0
10L,J84004,EAST COWES HEALTH CENTRE,6.0
10L,J84005,ESPLANADE SURGERY,5.5
10L,J84019,BROOKSIDE HEALTH CENTRE,5.4
10K,J82083,STOKE ROAD MEDICAL CENTRE,6.9
10K,J82127,BRUNE MEDICAL CENTRE,6.9
10K,J82215,LEE-ON-THE-SOLENT HEALTH CENTRE,6.8
10K,J82133,BROCKHURST MEDICAL CENTRE,6.2
10K,J82026,CENTRE PRACTICE,6.2
10K,J82100,FORTON MEDICAL CENTRE,6.0
10K,J82648,MANOR WAY SURGERY,6.0
10K,J82104,STUBBINGTON MEDICAL PRACTICE,5.9
10K,J82084,BURY ROAD SURGERY,5.9
10K,J82012,PORTCHESTER PRACTICE,5.9
10J,J82077,THE BERMUDA PRACTICE,6.7
10J,J82157,WILSON PRACTICE,6.5
10J,J82058,BRAMBLYS GRANGE MEDICAL PRACTICE,6.4
10J,J82094,TADLEY MEDICAL PARTNERSHIP,5.7
10J,J82123,HACKWOOD PARTNERSHIP,5.6
10J,J82069,GILLIES & OVERBRIDGE MEDICAL PARTNERSHIP,5.6
10J,J82625,BOUNDARIES SURGERY,5.6
10J,J82144,CROWN HEIGHTS MEDICAL CENTRE,5.6
10J,J82046,OAKLEY & OVERTON PARTNERSHIP,5.3
10J,J82065,SOUTH HAM SURGERY,5.2
10H,K82603,THE PRACTICE HANOVER HOUSE,8.6
10H,K82030,WYE VALLEY SURGERY,7.3
10H,K82058,GLADSTONE ROAD SURGERY,7.2
10H,K82036,RIVERSIDE SURGERY,7.0
10H,K82080,DENHAM GREEN SURGERY,6.5
10H,K82055,DENHAM MEDICAL CENTRE,6.1
10H,K82006,IVER MEDICAL CENTRE,5.9
10H,K82056,LANE END SURGERY,5.5
10H,K82017,DESBOROUGH SURGERY,5.4
10H,K82022,KINGSWOOD SURGERY,5.3
10G,K81023,HEATH HILL SURGERY,5.6
10G,K81094,GREAT HOLLANDS PRACTICE,5.5
10G,K81032,BOUNDARY HOUSE SURGERY,5.3
10G,K81030,RINGMEAD MEDICAL PRACTICE,5.2
10G,K81059,THE GAINSBOROUGH PRACTICE,5.1
10G,K81006,THE SANDHURST GROUP PRACTICE,5.0
10G,K81001,THE WATERFIELD PRACTICE,4.9
10G,K81076,GREEN MEADOWS PARTNERSHIP,4.6
10G,K81610,FOREST END MEDICAL PRACTICE,4.4
10G,K81087,EASTHAMPSTEAD SURGERY,4.2
10E,G82810,GARLINGE SURGERY,8.1
10E,G82666,BIRCHINGTON MEDICAL CENTRE,7.4
10E,G82219,ST. PETER'S SURGERY,7.1
10E,G82630,THE BROADWAY PRACTICE,7.1
10E,G82046,SUMMERHILL SURGERY,7.1
10E,G82105,BETHESDA MEDICAL CENTRE,7.0
10E,G82079,WESTGATE SURGERY,7.0
10E,G82052,THE LIMES,7.0
10E,G82107,MINSTER SURGERY,7.0
10E,G82796,THE ALBION ROAD SURGERY,6.8
10D,G82057,ST. GEORGES MEDICAL CENTRE,9.0
10D,G82682,THE OM MEDICAL CENTRE,8.4
10D,G82799,DR SRS MURTHY PRACTICE,8.3
10D,G82686,MINSTER MEDICAL CENTRE,7.9
10D,G82023,DR MME FAHMY PRACTICE,7.8
10D,G82757,LAKESIDE MEDICAL CENTRE,7.3
10D,G82687,DR SJ WITT'S PRACTICE,7.2
10D,G82667,TEYNHAM MEDICAL CENTRE,7.1
10D,G82175,DR H BEERSTECHER PRACTICE,7.0
10D,G82634,SAFFRON WAY HEALTH CENTRE,6.5
10C,H81622,OLD DEAN SURGERY,7.5
10C,H81040,STATION ROAD SURGERY,6.0
10C,H81013,FRIMLEY GREEN MEDICAL CENTRE,5.3
10C,H81075,UPPER GORDON ROAD SURGERY,4.7
10C,H81082,CAMBERLEY HEALTH CENTRE,4.7
10C,H81069,PARK ROAD SURGERY,4.6
10C,H81620,HEATHERSIDE SURGERY,4.2
10C,H81039,PARK HOUSE SURGERY,4.1
10C,H81130,LIGHTWATER SURGERY,3.8
10A,G82007,CHURCH LANE,8.5
10A,G82147,OAK HALL,8.1
10A,G82700,BUCKLAND MEDICAL PRACTICE,7.9
10A,G82187,DOWNS ROAD SURGERY,7.6
10A,G82696,DR FORD M R & PARTNER,7.6
10A,G82072,ORCHARD HOUSE,7.6
10A,G82797,ALLEN HOUSE - PCT MANAGED,7.2
10A,G82665,THOMAS HOUSE,7.2
10A,G82018,SUN LANE,7.0
10A,G82091,GUILDHALL STREET,6.8
09Y,H81123,SHEERWATER HEALTH CENTRE,7.9
09Y,H81087,ST. DAVID'S FAMILY PRACTICE,7.2
09Y,H81009,STUDHOLME MEDICAL CENTRE,6.8
09Y,H81019,SUNNY MEED SURGERY,6.6
09Y,H81104,STANWELL ROAD SURGERY,6.3
09Y,H81632,KANDELA,6.2
09Y,H81642,UPPER HALLIFORD MEDICAL CENTRE,6.0
09Y,H81033,ABBEY PRACTICE,5.9
09Y,H81054,BRIDGE PRACTICE,5.8
09Y,H81057,FORDBRIDGE MEDICAL CENTRE,5.7
09X,H82621,PARK VIEW HEALTH PARTNERSHIP,6.0
09X,H82010,JUDGES CLOSE SURGERY,5.3
09X,H82084,BROW MEDICAL CENTRE,5.3
09X,H82100,NORTHLANDS WOOD SURGERY,5.3
09X,H82017,PARK SURGERY,5.1
09X,H82063,MOATFIELD SURGERY,5.0
09X,H82028,THE COURTYARD SURGERY,4.9
09X,H82035,LINDFIELD MEDICAL CENTRE,4.9
09X,H82003,MEADOWS SURGERY,4.8
09X,H82044,DOLPHINS PRACTICE,4.6
09W,G82154,THAMES AVE SURGERY,8.9
09W,G82198,GUN LANE MEDICAL CENTRE SURGERY SI,8.3
09W,G82077,THE ELMS MEDICAL CENTRE,7.9
09W,Y02461,DMC WALDERSLADE SURGERY,7.9
09W,G82718,THE BROADWAY SURGERY,7.7
09W,G82763,NAPIER ROAD SURGERY,7.6
09W,G82108,KING GEORGE ROAD SURGERY,7.5
09W,G82109,THE RAILSIDE SURGERY,7.5
09W,G82766,ROCHESTER HEALTH CENTRE SURGERY D,7.4
09W,G82821,BRYANT STREET MEDICAL CENTRE SURGERY K,7.4
09P,G81039,LITTLE COMMON-OLD TOWN SGY,7.0
09P,G81051,RYE MEDICAL CENTRE,6.8
09P,G81662,SHANKILL SURGERY,6.8
09P,G81025,PEBSHAM SURGERY,6.7
09P,G81105,CHURCHWOOD MEDICAL PRACTICE,6.6
09P,G81675,STONE STREET SURGERY,6.2
09P,G81041,SIDLEY SURGERY,6.2
09P,G81096,SEDLESCOMBE HOUSE,6.0
09P,G81085,FERRY ROAD HEALTH CENTRE,6.0
09P,G81057,SEDLESCOMBE SURGERY,5.8
09N,H81022,CHIDDINGFOLD SURGERY,5.8
09N,H81064,FAIRLANDS PRACTICE,5.7
09N,H81044,SPRINGFIELD SURGERY,5.4
09N,H81090,WOODBRIDGE HILL SURGERY,5.1
09N,H81052,CRANLEIGH MEDICAL PRACTICE,5.0
09N,H81132,GUILDFORD RIVERS PRACTICE,4.9
09N,H81062,HASLEMERE HEALTH CENTRE,4.5
09N,H81026,BINSCOMBE MEDICAL CENTRE,4.3
09N,H81021,THE MILL MEDICAL PRACTICE,4.3
09N,H81076,GRAYSHOTT SURGERY,4.1
09L,H81055,HAWTHORNS,5.9
09L,H81662,CHALDON ROAD SURGERY,5.7
09L,H81058,WOODLANDS ROAD MEDICAL CENTRE,5.6
09L,H81119,WARLINGHAM GREEN MEDICAL PRACTICE,5.2
09L,H81116,ELIZABETH HOUSE MEDICAL PRACTICE,5.2
09L,H81083,MOAT HOUSE,5.0
09L,H81023,LINGFIELD SURGERY,4.9
09L,H81060,TOWNHILL MEDICAL PRACTICE,4.6
09L,H81005,POND TAIL SURGERY,4.6
09L,H81045,CATERHAM VALLEY MEDICAL PRACTICE,4.6
09J,G82690,LOWER HIGHAM ROAD SURGERY,7.8
09J,G82743,"OAKFIELD HEALTH CENTRE, PRACTICE 1",7.3
09J,G82124,"RED PRACTICE, WEST KINGSDOWN MEDICAL CENTRE",6.9
09J,G82225,THE OAKS PARTNERSHIP,6.8
09J,G82648,ROCHESTER ROAD SURGERY,6.8
09J,G82163,MARLING WAY SURGERY,6.7
09J,G82096,THE FORGE SURGERY,6.4
09J,G82808,"OAKFIELD HEALTH CENTRE, PRACTICE 2",6.3
09J,G82062,PARROCK STREET SURGERY,6.2
09J,G82044,THE GATEWAY MEDICAL PRACTICE,6.2
09H,H82012,LEACROFT MEDICAL PRACTICE,9.3
09H,H82053,FURNACE GREEN SURGERY,5.9
09H,H82064,SOUTHGATE SURGERY,5.7
09H,Y00351,LANGLEY CORNER SURGERY,5.6
09H,H82050,IFIELD MEDICAL PRACTICE,5.5
09H,H82098,COACHMANS MEDICAL PRACTICE,5.5
09H,H82033,GOSSOPS GREEN MEDICAL CENTRE,5.4
09H,H82088,BEWBUSH MEDICAL CENTRE,5.4
09H,H82047,BRIDGE MEDICAL CENTRE,5.3
09H,H82025,WOODLANDS&CLERKLANDS PARTNERSHIP,5.2
09G,H82037,SELSEY MEDICAL PRACTICE,8.0
09G,H82091,NEW POND ROW SURGERY,8.0
09G,H82087,BARN SURGERY,7.9
09G,H82095,WITTERINGS HC,7.7
09G,H82043,GROVE HOUSE SURGERY,7.6
09G,H82024,SEAL MEDICAL GROUP,7.4
09G,H82015,PHOENIX SURGERY,7.1
09G,H82094,KINGFISHER FAMILY PRACTICE,7.0
09G,H82016,BERSTED GREEN SURGERY,6.9
09G,H82096,ORCHARD SURGERY,6.5
09F,G81004,DOWNLANDS MEDICAL CENTRE,7.3
09F,G81685,BETHANY HOUSE SURGERY,6.9
09F,G81059,SEAFORTH FARM SURGERY,6.8
09F,G81012,BRIDGESIDE SURGERY,6.8
09F,G81060,VICARAGE FIELD SURGERY,6.4
09F,G81049,MANOR PARK MEDICAL CENTRE,6.4
09F,G81003,THE LIGHEALTHOUSE MEDICAL PRACTICE,6.3
09F,G81008,STONE CROSS SURGERY,6.3
09F,G81029,SEAFORD MEDICAL PRACTICE,6.1
09F,G81022,PRINCES PARK HEALTH CENTRE,5.9
09E,G82090,ST. ANNES GROUP PRACTICE,7.3
09E,G82029,COACH HOUSE SURGERY,7.1
09E,G82204,KINGSTONE COTTAGE,7.1
09E,G82040,LONDON ROAD SURGERY,6.5
09E,G82148,7 THE BUTCHERY,6.4
09E,G82071,DR JM RIBCHESTER & PARTNERS,6.2
09E,G82119,THE PARK SURGERY,6.2
09E,G82138,ASH SURGERY,6.1
09E,G82179,BOUGHTON MEDICAL CENTRE,6.0
09E,G82726,SADDLETON ROAD SURGERY,5.8
09D,Y02404,NEW LARCHWOOD SURGERY,6.4
09D,G81676,WHITEHAWK MEDICAL PRACTICE,6.0
09D,G81667,ST. LUKE'S SURGERY,5.8
09D,G81046,PORTSLADE HEALTH CENTRE,5.8
09D,Y00079,HANGLETON MANOR SURGERY,5.7
09D,G81073,MILE OAK MEDICAL CENTRE,5.6
09D,G81661,WILLOW SURGERY,5.3
09D,G81680,PORTSLADE COUNTY CLINIC,5.3
09D,G81636,BURWASH ROAD SURGERY,5.2
09D,G81076,SALTDEAN AND ROTTINGDEAN MEDICAL PRACTICE,5.2
09C,G82080,WILLESBOROUGH HEALTH CENTRE,6.1
09C,G82114,IVY COURT,6.1
09C,G82053,WOODCHURCH SURGERY,6.1
09C,G82050,SYDENHAM HOUSE,6.0
09C,G82087,NEW HAYESBANK SURGERY,5.8
09C,G82049,HOLLINGTON SURGERY,5.8
09C,G82658,SELLINDGE SURGERY,5.7
09C,G82186,HAMSTREET SURGERY,5.6
09C,G82094,CHARING SURGERY,5.5
09C,G82788,NORTH STREET SURGERY,5.4
09A,E87663,THIRD FLOOR LANARK ROAD MEDICAL CENTRE,7.5
09A,Y02842,HALF PENNY STEPS HEALTH CENTRE,7.3
09A,E87008,PADDINGTON GREEN HEALTH CENTRE,6.8
09A,E87011,LISSON GROVE HEALTH CENTRE,6.3
09A,E87756,GROUND FLOOR LANARK MEDICAL CENTRE,5.5
09A,Y00902,THE WESTBOURNE GREEN SURGERY,5.4
09A,E87739,MILLBANK MEDICAL CENTRE,4.7
09A,E87052,CROMPTON MEDICAL CENTRE,4.4
09A,E87006,LITTLE VENICE MEDICAL CENTRE,4.4
09A,E87002,VICTORIA MEDICAL CENTRE,4.3
08Y,E87057,NAGARAJAN QUEENS PARK HEALTH CENTRE,9.7
08Y,E87742,THE GOLBORNE MEDICAL CENTRE,7.5
08Y,E87733,THE EXMOOR SURGERY,7.4
08Y,E87024,THE GOLBORNE MEDICAL CENTRE,7.2
08Y,E87026,MEANWHILE GARDEN MEDICAL CENTRE,7.2
08Y,E87735,LAI CHUNG FONG QUEENS PARK HEALTH CENTRE,7.0
08Y,E87727,THE SURGERY,6.3
08Y,E87047,OM SAI MEDICAL CENTRE,6.3
08Y,Y01011,BARLBY ROAD SURGERY,6.3
08Y,E87038,ELGIN CLINIC,6.2
08X,H85087,OPEN DOOR SURGERY,7.9
08X,H85052,STREATHAM PARK SURGERY,7.8
08X,H85685,SAI MEDICAL CENTRE,7.3
08X,H85680,TOOTING SOUTH MEDICAL CENTRE,6.6
08X,H85650,GRANVILLE ROAD SURGERY,6.4
08X,H85075,THE HAIDER PRACTICE,6.2
08X,H85067,DANEBURY AVENUE SURGERY,6.1
08X,H85011,THE GREYSWOOD PRACTICE,6.0
08X,H85006,MAYFIELD SURGERY,5.5
08X,H85008,THE ROEHAMPTON SURGERY,5.4
08W,F86638,THE MICROFACULTY,8.7
08W,F86088,THE LYNDHURST SURGERY,8.4
08W,F86030,QUEENS ROAD MEDICAL CENTRE,8.0
08W,F86044,CRAWLEY ROAD MEDICAL CENTRE,7.9
08W,F86696,FRANCIS ROAD MEDICAL CENTRE,7.6
08W,F86045,HIGH ROAD SURGERY,7.5
08W,Y01839,SINNOTT ROAD SURGERY,7.5
08W,F86701,KIYANI MEDICAL PRACTICE,7.0
08W,F86062,GROVE SURGERY,6.9
08W,F86712,HAMPTON MEDICAL CENTRE,6.9
08V,F84046,VARMA CM,9.8
08V,F84087,HARFORD HEALTH CENTRE,8.8
08V,F84025,GOUGH WALK PRACTICE,8.1
08V,F84031,JUBILEE STREET PRACTICE,8.0
08V,F84012,ALBION HEALTH CENTRE,7.8
08V,F84714,ST. PAUL'S WAY MEDICAL CENTRE,7.4
08V,F84051,STROUTS PLACE MEDICAL CENTRE,7.2
08V,F84718,THE BLITHEHALE MEDICAL CENTRE,7.1
08V,F84062,THE CHRISP STREET HEALTH CENTRE,7.0
08V,F84081,THE SPITALFIELDS PRACTICE,6.8
08T,H85618,WELL COURT PRACTICE,7.7
08T,H85023,BISHOPSFORD ROAD PRACTICE,7.5
08T,H85108,19 BANDON RISE,6.9
08T,H85665,WALLINGTON MEDICAL CENTRE,6.7
08T,H85653,WALLINGTON FAMILY PRACTICE,6.6
08T,H85032,CARSHALTON FIELDS SURGERY,6.3
08T,H85113,MALDON ROAD SURGERY,6.1
08T,H85115,SHOTFIELD MEDICAL PRACTICE,5.8
08T,H85054,LEGHARI & MUKTAR PRACTICE,5.8
08T,H85683,FACCINI HOUSE SURGERY,5.7
08R,H85070,CENTRAL MEDICAL CENTRE,9.3
08R,H85029,WIDE WAY SURGERY,8.1
08R,H85078,GRAHAM ROAD SURGERY,7.6
08R,H85038,CRICKET GREEN MEDICAL PRACTICE,7.4
08R,H85033,TAMWORTH HOUSE MEDICAL CENTRE,6.7
08R,H85110,WANDLE ROAD SURGERY,6.4
08R,H85092,RIVERHOUSE MEDICAL PRACTICE,6.3
08R,H85656,ALEXANDRA SURGERY,6.2
08R,H85035,ROWANS SURGERY,6.1
08R,H85016,CANNON HILL LANE MEDICAL PRACTICE,6.0
08Q,G85106,DR KK MISRA'S PRACTICE,7.7
08Q,G85707,DR R SARMA'S PRACTICE,7.2
08Q,G85040,QUEENS RD PHS PRACTICE,7.0
08Q,G85119,STERNHALL LANE SURGERY,6.9
08Q,G85723,DR SMS HOSSAIN'S PRACTICE,6.8
08Q,G85050,SIR JOHN KIRK CLOSE SURGERY,6.7
08Q,G85082,DR RHK SINHA'S PRACTICE,6.3
08Q,G85685,THE NUNHEAD SURGERY,6.2
08Q,G85084,PENROSE SURGERY,5.9
08Q,G85087,DMC SILVERLOCK,5.9
08P,H84057,SARAJLIC (STAINES ROAD),6.1
08P,H84630,SINHA (CRANE PARK),5.9
08P,H84031,BOOHAN (JUBILEE AVENUE),5.0
08P,H84040,LEWIS (HAMPTON),4.6
08P,H84018,BHATIA (BROAD LANE),4.5
08P,H84625,KUDRA (WOODLAWN),4.2
08P,H84044,STENT (THE GREEN & FIR ROAD),4.1
08P,H84615,WEEKS (DEANHILL),4.0
08P,H84623,PENNYCOOK (HAMPTON HILL),3.9
08P,H84039,ROBERTSON (CROSS DEEP),3.8
08N,F86652,THE DRIVE SURGERY,9.9
08N,F86642,CASTLETON ROAD HEALTH CENTRE,9.3
08N,F86060,NEWBURY GROUP PRACTICE,9.3
08N,F86692,MATHUKIA'S SURGERY,9.3
08N,F86083,THE EASTERN AVENUE MEDICAL CENTRE,9.3
08N,F86042,BALFOUR ROAD SURGERY,9.2
08N,F86635,SPEARPOINT SURGERY,8.9
08N,F86008,GANTS HILL MEDICAL CENTRE,8.8
08N,F86022,ILFORD MEDICAL CENTRE,8.7
08N,F86612,THE FULLWELL AVENUE SURGERY,8.6
08M,F84121,E12 HEALTH,9.4
08M,F84677,EAST END MEDICAL CENTRE,9.3
08M,F84670,WESTBURY ROAD MEDICAL PRACTICE,8.7
08M,F84713,EAST HAM MEDICAL CENTRE,8.6
08M,F84739,E12 MEDICAL CENTRE,8.5
08M,F84729,DR NB BHADRA,8.4
08M,F84088,PLASHET ROAD MEDICAL CENTRE,8.2
08M,F84032,BARKING ROAD MEDICAL CENTRE,8.0
08M,F84004,MARKET STREET HEALTH GROUP,7.7
08M,F84070,LATHOM ROAD MEDICAL CENTRE,7.7
08L,G85099,WINLATON SURGERY,9.3
08L,G85713,BOUNDFIELD SURGERY,8.9
08L,G85065,DOWNHAM WAY SURGERY,8.4
08L,G85703,MUIRKIRK SURGERY,7.5
08L,G85699,DR S LINGARAJAH'S PRACTICE,7.1
08L,G85027,DR IRJ MACDONAGH'S PRACTICE,7.1
08L,G85005,SOUTH LEWISHAM GROUP PRACTICE,7.0
08L,G85633,RUSHEY GREEN GP,7.0
08L,G85736,DR MOG SARDER'S PRACTICE,6.9
08L,G85730,PENROSE LEE SURGERY,6.8
08K,G85682,DR GUNASUNTHARAM SURGERY,9.8
08K,G85096,THE VALE SURGERY,7.7
08K,G85102,THE VAUXHALL SURGERY,7.2
08K,G85118,STREATHAM PLACE SURGERY,6.1
08K,Y00020,DR WICKREMESINGHE SSG,5.6
08K,G85028,STOCKWELL GROUP PRACTICE,5.6
08K,G85135,IVEAGH HOUSE SURGERY,5.6
08K,G85677,BALDRY GARDENS FAMILY PRACTICE,5.5
08K,G85700,DR IVOR FERREIRA,5.4
08K,G85022,CROWN DALE MEDICAL CENTRE,5.4
08J,H84058,KINGSDOWNE SURGERY,7.8
08J,H84607,NEW MALDEN HEALTH CENTRE,7.5
08J,H84618,SUNRAY SURGERY,7.2
08J,H84051,ROSELAWN,6.3
08J,H84025,HOOK SURGERY,6.2
08J,H84034,THE ORCHARD PRACTICE,6.2
08J,H84050,CHESSINGTON PARK SURGERY,6.0
08J,H84054,RED LION ROAD SURGERY,5.8
08J,H84033,ST. ALBANS MEDICAL CENTRE,5.8
08J,H84042,HOLMWOOD CORNER SURGERY,5.5
08H,F83671,THE BEAUMONT PRACTICE,9.0
08H,F83027,DRS BOWRY & BOWRY'S PRACTICE,8.4
08H,F83033,DR HAFFIZ,7.5
08H,F83666,ANDOVER MEDICAL CENTRE,7.3
08H,F83007,ROMAN WAY MEDICAL CENTRE,7.1
08H,F83673,DR EDOMAN,6.7
08H,F83031,DR FLINDERS,6.1
08H,F83678,DR SEGARAJASINGHE,6.1
08H,F83056,THE MITCHISON ROAD SURGERY,6.0
08H,F83681,PARTNERSHIP PRIMARY CARE CENTRE,5.9
08G,E86019,DR HA PATEL'S PRACTICE,8.6
08G,E86612,THE PRACTICE PLC SHAKESPEARE AVENUE,8.6
08G,E86003,KINGSWAY SURGERY,8.2
08G,E86637,DR MN RAJAN'S PRACTICE,8.1
08G,E86017,DR CB PATEL'S PRACTICE,8.1
08G,E86018,TOWNFIELD DOCTORS SURGERY,7.8
08G,E86625,DR AN GOUD'S PRACTICE,7.8
08G,E86609,DR S TANVIR'S PRACTICE,7.8
08G,E86615,ACREFIELD SURGERY,7.2
08G,E86016,THE PINE MEDICAL CENTRE,7.1
08F,F82019,DR HAMILTON-SMITH,7.9
08F,F82614,DR S SUBRAMANIAM,7.2
08F,F82744,DR WANI,7.0
08F,F82618,DR JAISWAL,6.9
08F,F82627,DR ABDULLAH,6.4
08F,F82646,DR UBEROY,6.4
08F,F82648,INGREBOURNE MEDICAL CENTRE,6.4
08F,F82031,DR BEHESHTI,6.3
08F,F82609,DR PM PATEL,6.2
08F,F82630,CHASE CROSS MEDICAL CENTRE,6.2
08E,E84647,KENTON CLINIC,9.4
08E,E84681,SAVITA MEDICAL CENTRE,8.7
08E,E84658,ASPRI MEDICAL CENTRE,8.7
08E,E84653,ZAIN MEDICAL CENTRE,8.2
08E,E84069,BELMONT HEALTH CENTRE,8.2
08E,E84018,STREATFIELD HEALTH CENTRE,8.1
08E,E84039,HONEYPOT MEDICAL CENTRE,8.1
08E,E84058,GP DIRECT,8.0
08E,E84068,THE RIDGEWAY SURGERY,7.9
08E,E84008,SIMPSON HOUSE MEDICAL CENTRE,7.9
08D,F85632,GREEN LANES (ANSARI),9.6
08D,F85065,STUART CRESCENT HEALTH CENTRE (DAVE),8.3
08D,F85034,ARCADIAN GARDENS SURGERY,8.2
08D,F85064,STUART CRESCENT HEALTH CENTRE,8.1
08D,F85615,TOTTENHAM HEALTH CENTRE,8.0
08D,Y02117,THE LAURELS MEDICAL PRACTICE,7.9
08D,F85007,LAWRENCE HOUSE SURGERY,7.8
08D,F85059,ST. JOHN'S SURGERY,7.8
08D,F85641,HIGH ROAD SURGERY (SINGH),7.6
08D,F85030,SOMERSET GARDENS FAMILY HEALTH CENTRE,7.5
08C,E85077,SHEPHERDS BUSH MEDICAL CENTRE,8.3
08C,E85048,DR DANDAPAT & PARTNERS,7.4
08C,E85659,DR MIRZA'S PRACTICE,6.5
08C,E85110,"THE SURGERY, DR DAS & PARTNERS",6.2
08C,E85649,FULHAM CROSS MEDICAL CENTRE,5.7
08C,E85673,THE OLD OAK SURGERY,5.7
08C,Y02906,"THE PRACTICE, CANBERRA",5.6
08C,E85672,SALISBURY SURGERY,5.6
08C,E85025,CASSIDY ROAD MEDICAL CENTRE,5.1
08C,E85124,LILLIE ROAD HEALTH CENTRE,4.9
08A,G83633,CONWAY PMS,8.3
08A,G83675,ANGLESEA PMS,8.0
08A,G83641,HASHIM M,7.0
08A,G83026,TRIVENI PMS,6.9
08A,G83007,TEWSON ROAD PMS,6.6
08A,G83060,GLYNDON PMS,6.6
08A,G83019,PLUMSTEAD HEALTH CENTRE PMS,6.6
08A,G83635,WAVERLEY PMS,6.5
08A,G83031,ABBEY WOOD SURGERY,6.5
08A,G83039,ST. MARKS PMS,6.3
07Y,E85713,HOUNSLOW FAMILY PRACTICE,9.5
07Y,E85727,GREENBROOK CHINCHILLA,8.8
07Y,E85700,MANOR HOUSE PRACTICE,8.5
07Y,E85115,PENTELOW PRACTICE,8.3
07Y,E85045,TWICKENHAM PARK MEDICAL CENTRE,8.0
07Y,E85707,SKYWAYS MEDICAL CENTRE,8.0
07Y,E85126,GREEN PRACTICE,7.8
07Y,E85035,MOUNT MEDICAL CENTRE,7.8
07Y,E85681,JERSEY PRACTICE,7.8
07Y,E85018,DR SOOD'S PRACTICE,7.6
07X,F85638,THE PALM MEDICAL CENTRE,9.0
07X,F85043,BOUNDARY COURT SURGERY,8.9
07X,F85650,MORECAMBE SURGERY,8.6
07X,F85055,CONNAUGHT SURGERY,8.4
07X,F85010,KEATS SURGERY,8.3
07X,F85002,FOREST RD GROUP PRACTICE,8.2
07X,F85037,JAINA HOUSE SURGERY,8.1
07X,Y01654,DR RATNARAJAH,8.1
07X,F85706,THE GREEN PRACTICE,8.0
07X,F85663,LATYMER ROAD SURGERY,8.0
07W,E85745,JUBILEE GARDENS MEDICAL CENTRE,9.9
07W,E85721,THE TOWN SURGERY,9.9
07W,E85012,KS MEDICAL CENTRE,9.7
07W,E85728,RIBCHESTER MEDICAL CENTRE,9.5
07W,E85023,LADY MARGARET ROAD (MIKHAIL),9.5
07W,E85061,NORWOOD ROAD SURGERY (KENNEDY),9.1
07W,E85643,MEADOW VIEW,9.0
07W,E85119,THE MWH PRACTICE,9.0
07W,E85717,THE WESTERN ROAD SURGERY,9.0
07W,E85006,WATERSIDE MEDICAL CENTRE,8.9
07V,H83042,LEANDER ROAD PRIMARY CARE CENTRE,9.3
07V,H83625,BROUGHTON CORNER MEDICAL CENTRE,9.3
07V,H83021,LINDEN LODGE MEDICAL PRACTICE,8.9
07V,H83609,MERSHAM MEDICAL CENTRE,8.8
07V,H83053,DR RK NAMASIVAYAM & PARTNERS,8.3
07V,H83022,THORNTON HEATH HEALTH CENTRE,8.1
07V,H83033,ASHBURTON PARK MEDICAL CENTRE,8.1
07V,H83635,WOODSIDE HEALTH CENTRE (04),7.5
07V,H83051,THORNTON ROAD SURGERY,7.4
07V,H83009,NORBURY HEALTH CENTRE (02),7.3
07T,F84043,THE SORSBY HEALTH CENTRE,7.6
07T,F84080,FOUNTAYNE ROAD HEALTH CENTRE,7.4
07T,F84720,HEALY MEDICAL CENTRE,7.2
07T,F84015,KINGSMEAD HEALTHCARE,7.2
07T,F84653,THE SURGERY (PATEL),7.1
07T,F84621,SANDRINGHAM PRACTICE,6.7
07T,F84042,THE SURGERY (KINGSLAND ROAD),6.6
07T,F84668,THE CLAPTON SURGERY,6.5
07T,F84038,BEECHWOOD MEDICAL CENTRE,6.4
07T,F84619,THE RIVERSIDE PRACTICE,6.1
07R,F83635,KINGS CROSS ROAD PRACTICE,8.4
07R,F83683,SOMERS TOWN MEDICAL CENTRE,8.1
07R,F83632,QUEENS CRESCENT SURGERY,6.9
07R,F83025,THE REGENTS PARK PRACTICE,6.8
07R,F83018,PRINCE OF WALES ROAD PRACTICE (GROUP),6.8
07R,F83030,FOUR TREES SURGERY,6.7
07R,F83040,BEDFORD SQUARE MEDICAL CENTRE,6.6
07R,F83006,AMPTHILL PRACTICE,6.0
07R,F83050,FORTUNE GREEN ROAD SURGERY,5.6
07R,F83042,GRAYS INN ROAD MEDICAL CENTRE,5.5
07Q,G84624,ANERLEY SURGERY,7.3
07Q,G84032,KNOLL RISE SURGERY,7.1
07Q,G84005,DERRY DOWNS SURGERY,7.0
07Q,G84019,BROOMWOOD SURGERY,6.6
07Q,G84007,POVEREST MEDICAL CENTRE,6.2
07Q,G84034,SEVENOAKS ROAD SURGERY,6.2
07Q,G84022,TRINITY MEDICAL CENTRE,6.2
07Q,G84604,HIGHLAND ROAD SURGERY,6.2
07Q,G84630,CRESCENT SURGERY,6.0
07Q,G84621,WHITEHOUSE SURGERY,6.0
07P,E84003,PREMIER MEDICAL CENTRE,9.8
07P,E84620,PRESTON ROAD SURGERY,9.7
07P,E84030,AKSYR MEDICAL PRACTICE,9.6
07P,E84028,THE STONEBRIDGE PRACTICE,9.5
07P,E84656,DR P CHATLANI & PARTNERS,9.4
07P,E84020,THE STAG-HOLYROOD SURGERY,9.1
07P,E84035,THE MEDICAL CENTRE,8.9
07P,E84669,THE EAGLE EYE,8.9
07P,E84017,SUDBURY & ALPERTON MEDICAL CENTRE,8.7
07P,E84031,BRENTFIELD MEDICAL CENTRE,8.7
07N,G83672,MILL ROAD SURGERY,8.8
07N,G83037,BULBANKS MEDICAL CENTRE,7.8
07N,G83005,CAIRNGALL MEDICAL PRACTICE,7.6
07N,G83018,LAKESIDE MEDICAL PRACTICE,6.8
07N,G83052,BELVEDERE MEDICAL CENTRE,6.6
07N,G83066,SIDCUP MEDICAL CENTRE,6.5
07N,G83053,BEXLEY MEDICAL GROUP,6.4
07N,G83025,WELLING MEDICAL PRACTICE,6.3
07N,G83004,BARNARD MEDICAL PRACTICE,6.3
07N,G83033,DR THAVAPALAN AND PARTNERS,6.3
07M,E83639,ROSEMARY SURGERY,9.2
07M,E83644,BALLARDS LANE SURGERY,9.2
07M,E83038,JAI MEDICAL CENTRE,8.8
07M,E83045,FRIERN BARNET MEDICAL CENTRE,8.3
07M,E83028,PARKVIEW SURGERY,8.2
07M,E83035,WENTWORTH MEDICAL PRACTICE,8.1
07M,E83007,SQUIRES LANE MEDICAL PRACTICE,8.0
07M,Y00105,HOLLY PARK CLINIC,7.5
07M,E83657,THE HILLVIEW SURGERY,7.5
07M,E83653,THE PHOENIX PRACTICE,7.2
07L,F82612,THE WHITE HOUSE SURGERY,8.3
07L,F82018,DR AS CHOPRA'S PRACTICE,8.2
07L,F82642,GABLES SURGERY,7.9
07L,F82003,DR M FATEH'S PRACTICE,7.9
07L,F82660,DR V GORIPARTHI'S PRACTICE,7.8
07L,F82647,DR R CHIBBER'S PRACTICE,7.6
07L,F82668,DR AK MITTAL'S PRACTICE,7.3
07L,F82678,DR KM ALKAISY PRACTICE,7.1
07L,F82650,DR AA ANSARI'S PRACTICE,6.9
07L,F82604,DR KP KASHYAP'S PRACTICE,6.9
07K,Y00774,BRANDON MEDICAL PRACTICE,7.5
07K,D83062,FOREST GROUP PRACTICE,7.4
07K,D83045,LAKENHEATH SURGERY,6.5
07K,D83070,AVICENNA,6.3
07K,D83003,WICKHAMBROOK SURGERY,6.1
07K,D83055,WOOLPIT HEALTH CENTRE,6.0
07K,D83005,ANGEL HILL SURGERY,6.0
07K,D83018,MARKET CROSS SURGERY,5.8
07K,D83078,WHITE HOUSE SURGERY,5.7
07K,D83013,THE GUILDHALL AND BARROW SURGERY,5.7
07J,D82021,HUNSTANTON SURGERY,9.0
07J,D82049,LITCHAM HEALTH CENTRE,8.7
07J,D82065,MANOR FARM MEDICAL CENTRE,8.5
07J,D82027,HEACHAM GROUP PRACTICE,8.4
07J,D82057,CAMPINGLAND SURGERY,8.2
07J,D82621,PLOWRIGHT MEDICAL CENTRE,8.1
07J,D82079,FELTWELL SURGERY,7.7
07J,D82010,GRIMSTON MEDICAL CENTRE,7.6
07J,D82044,VIDA HEALTHCARE,7.5
07J,D82015,BRIDGE STREET SURGERY,7.1
07H,F81619,SYDENHAM HOUSE SURGERY,7.5
07H,F81120,NUFFIELD HOUSE HEALTH CENTRE,6.8
07H,F81062,CHIGWELL MEDICAL CENTRE,6.7
07H,F81758,OSLER HOUSE MEDICAL CENTRE,6.6
07H,F81106,THE ROSS PRACTICE,6.5
07H,F81027,LISTER MEDICAL CENTRE,6.5
07H,F81103,GREENYARD MEDICAL CENTRE,6.5
07H,F81043,THE LIMES MEDICAL CENTRE,6.4
07H,F81725,MAYNARD COURT SURGERY,6.4
07H,F81047,THE HAMILTON PRACTICE,6.2
07G,F81084,DR MOHILE RV PRACTICE,8.2
07G,F81110,DR SUNTHARALINGAM R PRACTICE,7.3
07G,F81177,DR DESHPANDE AM PRACTICE,7.1
07G,F81088,DR ROY BB PRACTICE,6.9
07G,F81082,DR JONES SR PRACTICE,6.9
07G,F81206,THE SHEHADEH MEDICAL CENTRE,6.7
07G,F81697,DR DEVARAJA VC PRACTICE,6.6
07G,F81197,DR BELLWORTHY SV PRACTICE,6.6
07G,F81643,THE SHEHADEH MEDICAL CENTRE - GRAYS,6.3
07G,F81641,DR MASSON KK PRACTICE,6.3
06Y,D82629,WALKER-GREGORY PRACTICE,6.9
06Y,D82063,WATTON MEDICAL PRACTICE,6.6
06Y,D82041,SCHOOL LANE SURGERY,6.5
06Y,D82100,SHIPDHAM SURGERY,6.4
06Y,D82056,ELMHAM SURGERY,6.2
06Y,D82002,GROVE SURGERY,6.2
06Y,D82039,MATTISHALL SURGERY,6.0
06Y,D82034,ATTLEBOROUGH SURGERIES,5.5
06Y,D82050,THEATRE ROYAL SURGERY,5.5
06Y,D82042,E HARLING & KENNINGHALL MEDICAL PRACTICE,5.5
06W,D82096,WOODCOCK RD SURGERY,5.4
06W,D82060,BACON ROAD MEDICAL CENTRE,5.4
06W,D82632,OLD PALACE MEDICAL PRACTICE,5.2
06W,D82018,HELLESDON MEDICAL PRACTICE,5.2
06W,D82073,YARE VALLEY MEDICAL PRACTICE,5.1
06W,D82071,EAST NORWICH MEDICAL PARTNERSHIP,5.0
06W,D82026,LAKENHAM SURGERY,4.8
06W,D82008,ST. STEPHEN'S GATE MEDICAL PRACTICE,4.8
06W,D82040,WENSUM VALLEY MEDICAL PRACTICE,4.8
06W,D82011,CASTLE PARTNERSHIP,4.7
06V,D82053,MUNDESLEY MEDICAL CENTRE,7.8
06V,D82009,STALHAM STAITHE SURGERY,7.7
06V,D82028,LUDHAM MEDICAL PRACTICE,7.4
06V,D82005,SHERINGHAM MEDICAL PRACTICE,6.6
06V,D82004,CROMER GROUP PRACTICE,6.4
06V,D82059,BIRCHWOOD SURGERY,6.4
06V,D82038,WELLS HEALTH CENTRE,6.3
06V,D82080,BLOFIELD SURGERY,6.1
06V,D82054,FAKENHAM MEDICAL PRACTICE,5.8
06V,D82104,ACLE MEDICAL PARTNERSHIP,5.8
06T,F81157,THE FRINTON ROAD MEDICAL CENTRE,9.7
06T,F81018,GREAT CLACTON MEDICAL PARTNERSHIP,8.3
06T,F81017,WALTON SURGERY,8.3
06T,F81052,ST. JAMES SURGERY,8.1
06T,F81156,RANWORTH SURGERY,7.4
06T,F81741,CRUSADER SURGERY,7.1
06T,F81037,EAST LYNNE MEDICAL CENTRE,7.1
06T,F81026,CARADOC SURGERY,7.1
06T,F81670,EPPING CLOSE,7.0
06T,F81212,OLD ROAD SURGERY,6.9
06Q,F81040,STOCK SURGERY,6.9
06Q,F81074,MELBOURNE HOUSE SURGERY,6.8
06Q,F81024,DICKENS PLACE,6.8
06Q,F81173,DOUGLAS GROVE SURGERY,6.7
06Q,F81087,MOUNT CHAMBERS,6.4
06Q,F81014,ST. LAWRENCE MEDICAL PRACTICE,5.9
06Q,F81717,MAYLANDSEA MEDICAL CENTRE,5.9
06Q,F81193,WITHAM HEALTH CENTRE,5.9
06Q,F81126,BURNHAM SURGERY,5.8
06Q,F81149,THE LAURELS SURGERY,5.7
06P,E81016,DR LB YANNY'S PRACTICE,9.8
06P,E81631,DR A ZAMAN'S PRACTICE,9.8
06P,E81028,DR R KHANCHANDANI'S PRACTICE,8.6
06P,E81618,DR MQ HODA'S PRACTICE,8.2
06P,E81005,DR SKP CHOUDHURY'S PRACTICE,8.0
06P,E81612,DRS MIRZA SUKHANI & PARTNERS,7.9
06P,E81048,BUTE HOUSE MEDICAL CENTRE,7.8
06P,Y02477,WHIPPERLEY MEDICAL CENTRE,7.8
06P,E81001,DR I SALEH'S PRACTICE,7.6
06P,E81010,DR WHM MATTA'S PRACTICE,7.1
06N,E82613,CASSIO SURGERY - E82613,9.2
06N,E82045,UPTON ROAD SURGERY,7.7
06N,E82004,HATFIELD ROAD SURGERY,6.8
06N,E82012,FAIRBROOK MEDICAL CENTRE,6.5
06N,E82034,TUDOR SURGERY,5.8
06N,E82049,BALDWINS LANE SURGERY,5.7
06N,E82652,GOSSOMS END SURGERY,5.7
06N,E82640,HIGHFIELD SURGERY,5.6
06N,E82113,COLNEY MEDICAL CENTRE,5.6
06N,E82653,305 PRESTWICK ROAD SURGERY,5.6
06M,D83010,FIELD LANE SURGERY,7.6
06M,D82058,COASTAL VILLAGES PRACTICE,7.2
06M,D83016,VICTORIA ROAD SURGERY,7.1
06M,Y00164,NELSON MEDICAL PRACTICE,7.0
06M,D82007,NEWTOWN AND CAISTER MEDICAL PRACTICE,6.9
06M,D82600,FLEGGBURGH SURGERY,6.9
06M,D83022,SOUTHWOLD SURGERY,6.7
06M,D82003,CENTRAL SURGERY,6.5
06M,D82067,THE PARK SURGERY,6.4
06M,D83009,BECCLES MEDICAL CENTRE,6.4
06L,D83614,LANDSEER ROAD SURGERY,6.9
06L,D83015,HOWARD HOUSE SURGERY,6.8
06L,Y01794,RAVENSWOOD MEDICAL PRACTICE,6.0
06L,D83007,IXWORTH SURGERY,6.0
06L,D83053,SAXMUNDHAM HEALTH CENTRE,6.0
06L,D83048,CENTRAL SURGERY,5.9
06L,D83008,BURLINGTON ROAD SURGERY,5.8
06L,D83084,THE BIRCHES MEDICAL CENTRE,5.7
06L,D83081,HAVEN HEALTH,5.6
06L,D83039,THE CHESTERFIELD DRIVE PRACTICE,5.5
06K,E82008,THE NEVELLS ROAD SURGERY,7.0
06K,E82133,HIGH STREET SURGERY,6.8
06K,E82002,WRAFTON HOUSE SURGERY,6.4
06K,E82018,LISTER HOUSE SURGERY,6.4
06K,E82042,ABBEY ROAD SURGERY,5.9
06K,E82080,ORFORD LODGE,5.9
06K,E82079,CROMWELL MEDICAL CENTRE,5.8
06K,E82082,BIRCHWOOD SURGERY,5.7
06K,E82093,BEDWELL MEDICAL CENTRE,5.7
06K,E82123,WARDEN LODGE MEDICAL PRACTICE,5.7
06H,D81071,DODDINGTON MEDICAL CENTRE,8.5
06H,D81064,MERCHEFORD HOUSE,8.3
06H,D81603,RIVERSIDE PRACTICE,8.1
06H,D81065,WELLAND MEDICAL,8.0
06H,D81061,GEORGE CLARE SURGERY,7.4
06H,D81011,CLARKSON SURGERY,7.4
06H,D81052,CORNERSTONE PRACTICE,7.2
06H,D81024,THOMAS WALKER,7.2
06H,D81026,LINCOLN ROAD SURGERY,7.1
06H,D81019,MINSTER MEDICAL PRACTICE,7.1
06F,E81021,QUEENS PARK HEALTH CENTRE,8.5
06F,E81626,VICTORIA RD / AMPTHILL RD SURGERY,8.0
06F,E81038,KING STREET SURGERY,7.9
06F,E81615,ASHBURNHAM ROAD SURGERY,7.7
06F,E81060,LINDEN ROAD SURGERY,7.0
06F,E81069,CADDINGTON SURGERY,7.0
06F,E81019,LONDON ROAD HEALTH CENTRE,6.9
06F,E81029,PUTNOE MEDICAL CENTRE PARTNERSHIP,6.7
06F,E81036,IVEL MEDICAL CENTRE,6.5
06F,Y00328,GOLDINGTON ROAD DR DAS,6.4
06D,M81010,FOREST GLADES MEDICAL CENTRE,6.8
06D,M81040,YORK HOUSE MEDICAL CENTRE,6.5
06D,M81056,THE CHURCH STREET PRACTICE,6.1
06D,M81608,WOLVERLEY SURGERY,6.1
06D,M81073,STOURPORT HEALTH CENTRE,6.0
06D,M81606,COOKLEY SURGERY,6.0
06D,M81068,AYLMER LODGE SURGERY,6.0
06D,M81065,KIDDERMINSTER HEALTH CENTRE,5.8
06D,M81015,STANMORE HOUSE SURGERY,5.7
06D,M81005,NORTHUMBERLAND HOUSE SURGERY,5.5
06A,M92015,DRS PAHWA,9.9
06A,M92012,DUNCAN STREET PRIMARY CARE PARTNERSHIP,9.4
06A,M92031,"DRS PASSI, PASSI & HANDA",9.2
06A,M92035,ALL SAINTS SURGERY,8.9
06A,M92607,WHITMORE REANS MEDICAL PRACTICE,8.9
06A,M92007,LEA ROAD MEDICAL PRACTICE,8.8
06A,M92027,CAERLEON SURGERY,8.8
06A,M92003,DR SURYANI,8.7
06A,M92654,BRADLEY CLINIC PRACTICE,8.2
06A,M92647,BRADLEY MEDICAL CENTRE,8.1
05Y,M91602,KAHN'S MEDICAL CENTRE,9.6
05Y,Y02624,THE WHARF FAMILY PRACTICE,9.3
05Y,M91039,HIGH STREET SURGERY,9.3
05Y,M91655,COALPOOL SURGERY,9.2
05Y,M91647,PILLAI,9.2
05Y,M91660,DARLASTON HEALTH CENTRE,9.0
05Y,M91024,DR NAMBISAN SURGERY,8.9
05Y,M91037,BLOXWICH MEDICAL PRACTICE,8.9
05Y,M91611,BEECHDALE CENTRE,8.8
05Y,M91004,ST. PETER'S SURGERY,8.7
05X,M82054,HADLEY MEDICAL PRACTICE,8.0
05X,M82029,OAKENGATES MEDICAL PRACTICE,7.4
05X,M82007,CHARLTON MEDICAL PRACTICE,7.4
05X,M82027,SUTTON HILL MEDICAL PRACTICE,6.7
05X,M82039,WELLINGTON MEDICAL PRACTICE,6.4
05X,M82009,DAWLEY MEDICAL PRACTICE,6.2
05X,M82012,DONNINGTON MEDICAL PRACTICE,6.2
05X,M82042,WOODSIDE MEDICAL PRACTICE,6.1
05X,M82028,WELLINGTON ROAD SURGERY,6.0
05X,Y02422,MALLING HEALTH - WREKIN WIC,5.8
05W,M83627,APSLEY HOUSE,9.5
05W,Y00592,MOSS GREEN SURGERY,9.0
05W,M83624,CAMBRIDGE HOUSE,8.7
05W,M83631,PRACTICE OF DR BD PATEL,8.6
05W,Y00303,WILLOW BANK HEALTH CENTRE,8.4
05W,M83082,THE HAYMARKET HEALTH CENTRE,8.3
05W,M83133,PRACTICE OF DR GT CHAND,8.2
05W,M83712,PRACTICE OF DR AK SINHA,8.2
05W,M83090,MEDICAL CENTRE DUNROBIN STREET,8.1
05W,M83623,SNOWHILL MEDICAL CENTRE,8.0
05V,M83036,RISING BROOK,6.7
05V,M83049,HOLMCROFT,6.1
05V,M83024,CASTLEFIELDS,5.9
05V,M83069,MANSION HOUSE,5.8
05V,M83044,BROWNING STREET,5.8
05V,M83009,BREWOOD,5.7
05V,M83045,PENKRIDGE MEDICAL PRACTICE,5.7
05V,M83611,JOHN AMERY DRIVE SURGERY,5.7
05V,M83022,HAZELDENE HOUSE SURGERY,5.2
05V,M83092,CROWN SURGERY,4.9
05T,M81047,SPA MEDICAL PRACTICE,7.2
05T,M81058,MERSTOW GREEN MEDICAL PRACTICE,7.1
05T,M81074,PERSHORE HEALTH CENTRE,7.0
05T,M81034,SALTERS MEDICAL PRACTICE,6.7
05T,M81046,ABBOTTSWOOD MEDICAL CENTRE,6.6
05T,M81008,SPRING GARDENS GROUP MEDICAL PRACTICE,6.5
05T,M81094,ABBEY MEDICAL PRACTICE,6.5
05T,M81037,THORNELOE LODGE SURGERY,6.4
05T,M81029,BARN CLOSE SURGERY,6.2
05T,M81011,OMBERSLEY MEDICAL CENTRE,6.1
05R,M84059,SPA MEDICAL CENTRE,9.8
05R,M84066,MEON MEDICAL CENTRE,6.7
05R,M84002,POOL MEDICAL CENTRE,6.0
05R,M84603,LISLE COURT MEDICAL CENTRE,5.7
05R,M84028,PRIORY MEDICAL CENTRE,5.4
05R,M84038,CAPE ROAD SURGERY,5.2
05R,M84018,BIDFORD HEALTH CENTRE,5.2
05R,M84060,ARROW LODGE MEDICAL CENTRE,5.1
05R,M84024,HENLEY-IN-ARDEN MEDICAL CENTRE,5.1
05R,M84047,TANWORTH-IN-ARDEN MEDICAL CENTRE,5.0
05Q,M83111,RIVERSIDE SURGERY,8.0
05Q,M83115,DR AHMAD'S SURGERY,7.1
05Q,M83110,HEATHVIEW MEDICAL CENTRE,6.8
05Q,M83072,SALTERS MEADOW HEALTH CENTRE,6.8
05Q,M83018,GRAVEL HILL,6.5
05Q,M83144,CHASETOWN MEDICAL CENTRE,6.3
05Q,M83117,CROWN MEDICAL PRACTICE,6.3
05Q,M83032,THE ALDERGATE MEDICAL PRACTICE,6.2
05Q,M83064,WILNECOTE SURGERY,6.2
05Q,M83097,BILBROOK,6.1
05P,M89027,GREEN LANE SURGERY,8.6
05P,M89021,COVENTRY ROAD PRACTICE,8.3
05P,M89602,CHESTER ROAD SURGERY,8.2
05P,M89013,ARRAN MEDICAL CENTRE,7.8
05P,M85048,CHURCH ROAD SURGERY,7.4
05P,M89003,MEADOWSIDE FAMILY HEALTH CENTRE,7.3
05P,M89024,GRAFTON ROAD SURGERY,6.7
05P,M89012,CRAIG CROFT MEDICAL CENTRE,6.7
05P,M89005,ST. MARGARETS MEDICAL PRACTICE,6.6
05P,M89009,MANOR HOUSE LANE SURGERY,6.5
05N,M82031,HIGHLEY MEDICAL CENTRE,6.6
05N,M82045,BRIDGEWATER SURGERY,6.6
05N,M82021,ALBRIGHTON MEDICAL PRACTICE,6.5
05N,M82601,ALVELEY MEDICAL PRACTICE,6.4
05N,M82013,WESTBURY MEDICAL CENTRE,6.3
05N,M82006,RIVERSIDE MEDICAL PRACTICE,6.3
05N,M82044,DODINGTON SURGERY,6.2
05N,M82050,MOUNT PLEASANT MEDICAL CENTRE,6.2
05N,M82058,HODNET MEDICAL PRACTICE,6.0
05N,M82035,WEM MEDICAL PRACTICE,5.9
05L,M85069,LAURIE PIKE HEALTH CENTRE,9.8
05L,M85009,HAMSTEAD RD SURGERY,9.6
05L,M85686,SUMMERFIELD PRIMARY CARE CENTRE,9.5
05L,M88637,MARSHALL STREET SURGERY,9.5
05L,M88633,LODGE ROAD SURGERY,9.2
05L,M88619,DR ARORA RK,9.1
05L,M85697,CHURCH ROAD SURGERY,9.0
05L,M88040,ST. PAUL'S MEDICAL PRACTICE,9.0
05L,Y02164,ASTON PRIDE FRANCHISE,9.0
05L,M88640,WARLEY ROAD SURGERY,8.9
05J,M81053,DR HAKEEM & DR AHMAD,8.2
05J,M81055,CORNHILL SURGERY,6.3
05J,M81001,ST. STEPHENS SURGERY,6.3
05J,M81002,ELGAR HOUSE,6.1
05J,M81070,CHURCHFIELDS SURGERY,6.0
05J,M81087,THE WOODROW MEDICAL CENTRE,6.0
05J,M81083,HOLLYOAKS MEDICAL CENTRE,5.9
05J,M81069,DAVENAL HOUSE SURGERY,5.8
05J,M81084,CATSHILL VILLAGE SURGERY,5.3
05J,M81041,HILLVIEW MEDICAL CENTRE,5.2
05H,M84057,THE CHAUCERS SURGERY,8.4
05H,M84627,THE OLD COLE HOUSE PRACTICE,8.1
05H,M84621,QUEENS ROAD SURGERY,8.0
05H,M84005,CHAPEL END SURGERY,8.0
05H,M84027,LEICESTER ROAD,7.6
05H,M84609,WOODLANDS SURGERY,7.6
05H,M84045,DR REILY & PARTNERS,7.1
05H,M84618,RUGBY ROAD SURGERY,7.0
05H,M84055,STOCKINGFORD MEDICAL CENTRE,7.0
05H,M84041,RIVERSLEY ROAD SURGERY,6.9
05G,M83697,MILEHOUSE MEDICAL PRACTICE,9.6
05G,M83089,DR JG JOHNSTON & PARTNERS,8.1
05G,M83034,SILVERDALE MEDICAL CENTRE,7.9
05G,M83658,DR P FRANKLIN,7.7
05G,M83701,TALKE PITS CLINIC,7.6
05G,M83108,DR DO YATES' PRACTICE,7.5
05G,M83005,HEATHCOTE STREET SURGERY,7.4
05G,M83084,DR J HOLLAND'S PRACTICE,7.3
05G,M83019,DR AF REES' PRACTICE,7.2
05G,M83017,ASHLEY SURGERY,7.2
05F,M81093,BELMONT MEDICAL CENTRE,6.7
05F,M81604,FOWNHOPE MEDICAL CENTRE,6.7
05F,M81054,THE MEADS KINGTON,6.7
05F,M81014,GREYFRIARS SURGERY,6.6
05F,M81048,NUNWELL SURGERY,6.4
05F,M81621,LEDBURY MARKET SURGERY,6.3
05F,M81003,THE HEALTH CENTRE,6.3
05F,M81018,WEOBLEY SURGERY,6.1
05F,M81600,CRADLEY SURGERY,5.9
05F,M81080,QUAY HOUSE MEDICAL CENTRE,5.8
05E,M85784,VENKAT MEDICAL CENTRE,8.4
05E,Y02567,HODGE HILL FAMILY PRACTICE,8.3
05E,M85141,SCHOOLACRE ROAD SURGERY,6.8
05E,M85079,EDEN COURT MEDICAL PRACTICE,6.8
05E,M85741,DR JS BAINS' PRACTICE,6.6
05E,M85115,SUTTON ROAD SURGERY,6.4
05E,M85001,CASTLE VALE PRIMARY CARE CENTRE,6.2
05E,M85031,THE HARLEQUIN SURGERY,6.1
05E,M85717,DOWNSFIELD MEDICAL CENTRE,6.0
05E,M85750,HUMBERSTONE ROAD SURGERY,5.3
05D,M83681,ALL SAINTS SURGERY,6.9
05D,M83010,GORDON STREET,6.7
05D,M83641,ROCESTER,6.5
05D,M83026,CARLTON STREET,6.4
05D,M83027,TRENT MEADOWS,6.2
05D,C81018,DOVE RIVER,6.1
05D,M83042,BRIDGE,6.1
05D,M83065,BARTON,6.0
05D,M83051,WETMORE,5.9
05D,M83718,PEEL CROFT,5.5
05C,M87628,DR B. K. PRASHARA,9.3
05C,M87614,TINCHBOURNE STREET PRACTICE,8.8
05C,M87610,DR S J JAIN,8.2
05C,Y02653,HIGH OAK SURGERY,7.9
05C,M87026,ST. JAMES MEDICAL PRACTICE2,7.6
05C,M87018,THE SUMMERHILL SURGERY,7.5
05C,M87623,ALEXANDRA MEDICAL CENTRE,7.5
05C,M87025,DRS PARRY & COX,7.4
05C,Y02955,KATES HILL SURGERY,7.2
05C,M87625,CRESTFIELD SURGERY,7.2
05A,M86028,CENTRAL MEDICAL CENTRE,9.9
05A,M86045,PARADISE MEDICAL CENTRE,9.9
05A,M86619,STATION STREET WEST SURGERY,9.8
05A,M86624,JUBILEE HEALTH CENTRE,8.7
05A,M84065,BEECH TREE MEDICAL PRACTICE,8.5
05A,M86612,GEORGE ELIOT MEDICAL CENTRE,8.2
05A,M86607,LONGFORD MEDICAL CENTRE,7.7
05A,M86026,WILLENHALL PRIMARY CARE CENTRE - 2,7.6
05A,M86041,HKMC,7.4
05A,M86002,BELL GREEN HEALTH CENTRE,7.4
04Y,Y02594,ESSINGTON MEDICAL CENTRE,8.5
04Y,M83613,WARDLES LANE SURGERY,7.8
04Y,M83738,AELFGAR SURGERY,7.6
04Y,M83001,HORSEFAIR PRACTICE,7.3
04Y,M83107,BIDEFORD WAY SURGERY,7.3
04Y,Y02354,SANDY LANE SURGERY,6.7
04Y,M83639,DR A YI,6.6
04Y,M83727,NORTON CANES PRACTICE,6.5
04Y,M83698,SOUTHFIELD WAY SURGERY,6.3
04Y,M83016,HIGH STREET SURGERY,6.2
04X,M85116,FERNLEY MEDICAL CENTRE,9.9
04X,M85024,THE LIMES MEDICAL CENTRE,9.6
04X,M85075,B'HAM HEARTLANDS SURGERY,8.7
04X,M85084,THE WAND MEDICAL CENTRE,8.4
04X,M85756,SPRINGFIELD MEDICAL PRACTICE,8.3
04X,M85774,SPRINGFIELD SURGERY,8.1
04X,M85043,HAWKESLEY MEDICAL PRACTICE,7.8
04X,M85733,MOOR GREEN LANE MEDICAL CENTRE,7.7
04X,M85174,SPARKBROOK HEALTH CENTRE,7.1
04X,M85007,WEST HEATH SURGERY,7.0
04W,M85739,PAK HEALTH CENTRE- R.BHATTI,9.7
04W,M85005,THE PARK MEDICAL CENTRE,9.6
04W,M85015,SPARKHILL SURGERY,9.4
04W,M85736,ACOCKS GREEN MEDICAL CENTRE,8.8
04W,M85677,FERNBANK MEDICAL PRACTICE,8.5
04W,M85792,COTMORE SURGERY,8.3
04W,Y01068,AMAANAH MEDICAL PRACTICE,8.3
04W,M85684,CITY ROAD MEDICAL CENTRE,8.0
04W,M85008,MIRFIELD SURGERY-GOLDSTEIN,7.9
04W,M85759,DR S BRINKSMAN & PARTNERS,7.7
04V,C82678,THURMASTON HEALTH CENTRE,9.2
04V,C82627,DR YB SHAH'S PRACTICE,8.9
04V,C82097,DR RK HIRANI'S PRACTICE,8.7
04V,C82091,BIRSTALL MEDICAL CENTRE,7.4
04V,C82027,THE OLD SCHOOL SURGERY,7.2
04V,C82106,THE FAMILY PRACTICE,7.1
04V,C82064,FOREST HOUSE SURGERY,7.1
04V,C82103,DISHLEY GRANGE MEDICAL PRACTICE,6.9
04V,C82121,HEATH LANE SURGERY,6.8
04V,C82052,DR AM LEWIS' PRACTICE,6.6
04R,C81626,NORMANTON MEDICAL CENTRE,9.4
04R,C81100,THE NEW PARKFIELDS SURGERY,8.4
04R,C81014,DERWENT VALLEY MEDICAL PRACTICE,7.6
04R,C81059,RIPLEY MEDICAL CENTRE,7.5
04R,C81031,PARK SURGERY,7.4
04R,C81054,HOLLYBROOK MEDICAL CENTRE,7.4
04R,C81006,CHARNWOOD SURGERY,7.3
04R,C81071,OSMASTON SURGERY,7.2
04R,C81087,HAVEN MEDICAL CENTRE,7.2
04R,C81035,VILLAGE SURGERY,7.2
04Q,C83030,BILLINGHAY MEDICAL PRACTICE,7.0
04Q,C83067,LONG BENNINGTON SURGERY,6.6
04Q,C83013,RUSKINGTON SURGERY,6.5
04Q,C83080,THE HARROWBY LANE SURGERY,6.1
04Q,C83008,SWINGBRIDGE SURGERY,6.0
04Q,C83020,ANCASTER SURGERY,5.9
04Q,C83053,COLSTERWORTH SURGERY,5.8
04Q,C83011,MILLVIEW MEDICAL CENTRE,5.8
04Q,C83040,ST. PETERS HILL SURGERY,5.8
04Q,C83075,VINE STREET SURGERY,5.8
04N,C84082,SOAR VALLEY SURGERIES,5.6
04N,C84017,BELVOIR HEALTH GROUP,4.9
04N,C84005,EAST LEAKE MEDICAL GROUP,4.8
04N,C84084,RADCLIFFE-ON-TRENT. HEALTH CENTRE,4.8
04N,C84028,THE RUDDINGTON MEDICAL CENTRE,4.8
04N,C84146,TRENT BRIDGE FAMILY MEDICAL PRACTICE,4.6
04N,C82040,ORCHARD SURGERY,4.6
04N,C84048,KEYWORTH MEDICAL PRACTICE,4.4
04N,C84605,LUDLOW HILL SURGERY,4.2
04N,C84149,SOUTHVIEW SURGERY,4.2
04M,C84032,CHURCH STREET MEDICAL CENTRE,7.3
04M,C84002,CHURCH WALK SURGERY,6.3
04M,C84042,SAXON CROSS SURGERY,6.1
04M,C84065,ABBEY MEDICAL CENTRE,6.0
04M,C84030,THE OAKS MEDICAL CENTRE,5.3
04M,C84107,THE LINDEN MEDICAL GROUP,5.2
04M,C84705,HICKINGS LANE MEDICAL CENTRE,5.2
04M,C84112,BRAMCOTE SURGERY,5.2
04M,C84003,WEST END SURGERY,5.2
04M,C84080,THE MANOR SURGERY,5.0
04L,C84095,OAKENHALL MEDICAL PRACTICE,7.1
04L,C84033,WESTDALE LANE SURGERY,6.6
04L,C84066,DAYBROOK MEDICAL PRACTICE,6.5
04L,C84124,WHYBURN MEDICAL PRACTICE,6.4
04L,C84612,THE WILLOWS MEDICAL CENTRE,6.3
04L,C84053,TORKARD HILL MEDICAL CENTRE,6.1
04L,C84026,STENHOUSE MEDICAL CENTRE,6.0
04L,C84055,HIGHCROFT SURGERY,5.7
04L,C84131,NEWTHORPE MEDICAL PRACTICE,5.6
04L,C84150,UNITY SURGERY,5.4
04K,C84096,RADFORD HEALTH CENTRE (N PHILLIPS),9.8
04K,C84635,WOLLATON VALE HC (GHAHARIAN),8.4
04K,C84647,BILBOROUGH SURGERY,7.9
04K,C84129,DR MC JONES & PARTNERS,7.4
04K,C84092,MEADOWS HEALTH CENTRE (SHANKAR),7.4
04K,C84141,ST. ANN'S HEALTH CENTRE (IBRAHIM),7.3
04K,C84043,LEEN VIEW SURGERY,7.2
04K,C84046,CLIFTON MEDICAL PRACTICE,7.2
04K,C84072,THE WELLSPRING SURGERY,6.8
04K,C84672,THE DALE SURGERY,6.7
04J,C81058,DR RR LIVINGS' PRACTICE,8.3
04J,C81043,RECTORY ROAD MEDICAL CENTRE,8.1
04J,C81001,DR DJ COLLINS' PRACTICE,7.3
04J,C81012,DR IR SERRELL'S PRACTICE,7.3
04J,C81015,NEWBOLD SURGERY,7.2
04J,C81045,DR S LANGAN'S PRACTICE,7.2
04J,C81002,DR SA KINGHORN'S PRACTICE,7.2
04J,C81024,HOLYWELL MEDICAL GROUP,7.0
04J,C81041,DR MR SPENCER'S PRACTICE,6.9
04J,C81084,DR DI ANDERSON'S PRACTICE,6.8
04H,C84123,BILSTHORPE SURGERY,7.3
04H,C84113,MAJOR OAK MEDICAL PRACTICE,6.6
04H,C84021,MIDDLETON LODGE PRACTICE,6.1
04H,C84087,RAINWORTH HEALTH CENTRE,5.7
04H,C84029,LOMBARD STREET SURGERIES,5.6
04H,C84045,COLLINGHAM MEDICAL CENTRE,5.5
04H,C84660,HOUNSFIELD SURGERY,5.4
04H,C84019,FOUNTAIN MEDICAL CENTRE,5.4
04H,C84009,BARNBY GATE SURGERY,5.2
04H,C84059,CLIPSTONE HEALTH CENTRE,5.1
04G,Y01139,DR DATTA & PARTNERS,8.3
04G,K83076,HASSAN,7.2
04G,K83058,CLARENCE AVENUE SURGERY,7.1
04G,K83047,ABBEY MEDICAL PRACTICE,6.9
04G,K83020,RILLWOOD MEDICAL CENTRE,6.8
04G,K83033,MOLLA & KESANI,6.7
04G,K83011,THE REDWELL MEDICAL CENTRE,6.6
04G,K83028,DR BEVAN & PARTNERS,6.5
04G,K83069,DR ALEXANDER,6.5
04G,K83050,THE CRESCENT MEDICAL CENTRE,6.5
04F,K82050,WATER EATON HEALTH CENTRE,7.2
04F,K82032,STANTONBURY HEALTH CENTRE,6.4
04F,K82015,PARKSIDE MEDICAL CENTRE,6.2
04F,K82026,WHADDON HOUSE SURGERY,6.0
04F,K82027,PURBECK HEALTH CENTRE,5.8
04F,K82003,WOLVERTON HEALTH CENTRE,5.4
04F,K82013,THE RED HOUSE SURGERY,5.4
04F,K82039,BEDFORD STREET SURGERY,5.4
04F,K82054,ASHFIELD MEDICAL CENTRE,5.2
04F,K82610,THE GROVE SURGERY,5.1
04E,C84016,OAKWOOD SURGERY,7.6
04E,C84127,DR BANGA'S PRACTICE,7.5
04E,C84710,BULL FARM PRIMARY CARE RESOURCE CENTRE,7.4
04E,C84679,DR B KHAN THE ACORN MEDICAL PRACTICE,7.4
04E,C84067,ASHFIELD HOUSE (ANNESLEY),7.0
04E,C84057,PLEASLEY SURGERY,6.7
04E,C84629,"HEALTH CARE COMPLEX, KIRKBY",6.7
04E,C84074,FAMILY MEDICAL CENTRE (KIRKBY),6.7
04E,C84012,WILLOWBROOK MEDICAL PRACTICE,6.7
04E,C84114,HEALDSWOOD SURGERY,6.4
04D,C83655,METHERINGHAM SURGERY,7.2
04D,C83062,CHURCH WALK SURGERY,6.9
04D,C83031,NETTLEHAM MEDICAL PRACTICE,6.8
04D,C83033,HIBALDSTOW MEDICAL PRACTICE,6.7
04D,C83074,WILLINGHAM-BY-STOW SURGERY,6.6
04D,C83018,CLEVELAND SURGERY,6.6
04D,C83029,BRANSTON & HEIGHINGTON FAMILY PRACTICE,6.5
04D,C83044,CASKGATE STREET SURGERY,6.5
04D,C83071,NEWARK ROAD SURGERY,6.4
04D,C83637,CROSSROADS MEDICAL PRACTICE,6.4
04C,C82080,SHEFA MEDICAL PRACTICE,9.8
04C,C82015,RUSHEY MEAD HEALTH CENTRE,9.7
04C,C82671,DR GANDECHA & PARTNER,9.6
04C,C82659,MELBOURNE ROAD HEALTH CENTRE (R KAPUR),9.3
04C,Y02500,NORTHERN HEIGHTS MEDICAL CENTRE,9.2
04C,C82018,DR H V TRIVEDI & PARTNERS,8.7
04C,C82023,ST. MATTHEWS MEDICAL CENTRE (AIA LENNOX),8.7
04C,C82667,THE CHARNWOOD PRACTICE,8.6
04C,Y00137,THE WILLOWS MEDICAL CENTRE,7.8
04C,C82063,EAST LEICESTER MEDICAL PRACTICE(S LONGWORTH),7.7
03Y,C81096,DR WS RIDDELL'S PRACTICE,8.5
03Y,C81011,CRESWELL MEDICAL CENTRE,8.2
03Y,C81638,CASTLE STREET MEDICAL CENTRE,7.8
03Y,C81055,DR CSK SINGH'S PRACTICE,7.7
03Y,C81056,DR PC JACKSON'S PRACTICE,7.7
03Y,C81029,STAFFA HEALTH,7.5
03Y,C81661,BLACKWELL MEDICAL CENTRE,7.3
03Y,C81008,BLUE DYKES SURGERY,7.2
03Y,C81033,SHIRES HEALTHCARE,7.2
03Y,C81655,DR ME HEHIR-STRELLEY'S PRACTICE,7.1
03X,C81604,EDEN SURGERY,7.3
03X,C81022,DR WEBB AND PARTNERS,6.8
03X,C81021,OLD STATION SURGERY,6.4
03X,C81115,GLADSTONE HOUSE SURGERY,6.4
03X,C81026,ADAM HOUSE MEDICAL CENTRE,6.1
03X,C81061,LITTLEWICK MEDICAL CENTRE,6.0
03X,C81090,"DRS MILLER, PURNELL, BAILEY",5.8
03X,C81010,THE MOIR MEDICAL CENTRE,5.6
03X,C81083,THE GOLDEN BROOK PRACTICE,5.3
03X,C81097,COLLEGE STREET MEDICAL PRACTICE,5.3
03W,C82112,SEVERN SURGERY,7.1
03W,C82119,NARBOROUGH HEALTH CENTRE,6.6
03W,C82108,LONG STREET SURGERY,6.3
03W,Y02725,OADBY & WIGSTON WALK-IN MEDICAL CENTRE,6.3
03W,C82068,NORTHFIELD MEDICAL CENTRE,6.2
03W,C82048,ROSEMEAD DRIVE SURGERY,6.2
03W,C82641,STATION ROAD SURGERY,6.1
03W,C82067,THE CROFT MEDICAL CENTRE,6.1
03W,C82013,BUSHLOE END SURGERY,6.1
03W,C82042,COUNTY PRACTICE,6.0
03V,K83607,DR SUMIRA,6.5
03V,K83002,DR WILCZYNSKI & PARTNERS,5.6
03V,K83614,DR KUMAR & PARTNER STUDFALL MEDICAL CENTRE,5.6
03V,K83059,DR KHALID & PARTNERS,5.2
03V,K83622,GREAT OAKLEY MEDICAL CENTRE,4.0
03V,Y02424,LAKESIDE PLUS LIMITED,2.0
03T,C83019,BEACON MEDICAL PRACTICE,9.7
03T,C83005,SPILSBY SURGERY,8.4
03T,C83650,THE WRAGBY SURGERY,8.1
03T,C83635,WOODHALL SPA NEW SURGERY,7.9
03T,C83032,MERTON LODGE SURGERY,7.8
03T,C83028,HOLBEACH MEDICAL CENTRE,7.6
03T,C83027,THE OLD VICARAGE,7.6
03T,C83021,WAINFLEET SURGERY,7.6
03T,C83045,HAWTHORN MEDICAL PRACTICE,7.6
03T,C83049,OLD LEAKE SURGERY,7.5
03R,B87009,ST. THOMAS ROAD,7.7
03R,B87036,LITTLE LANE,7.5
03R,B87026,THE GRANGE,7.4
03R,B87025,WELBECK ST,7.2
03R,B87022,HOMESTEAD,7.1
03R,B87016,WHITE ROSE,7.0
03R,B87008,LUPSET HEALTH CENTRE,7.0
03R,B87033,NEWLAND SURGERY,6.9
03R,B87004,WARRENGATE,6.7
03R,B87021,ASH GROVE,6.7
03Q,B82033,PICKERING MEDICAL PRACTICE,6.0
03Q,B82074,POSTERNGATE SURGERY,5.9
03Q,B82073,SOUTH MILFORD SURGERY,5.7
03Q,B82006,CLIFTON MEDICAL PRACTICE,5.7
03Q,B82105,TADCASTER MEDICAL CENTRE,5.5
03Q,B82100,FRONT STREET SURGERY,5.5
03Q,B82041,BEECH TREE SURGERY,5.4
03Q,B82068,HELMSLEY SURGERY,5.3
03Q,B82064,TOLLERTON SURGERY,5.2
03Q,B82077,KIRKBYMOORSIDE SURGERY,5.2
03N,C88655,TINSLEY SURGERY,9.7
03N,C88060,SHARROW LANE MEDICAL CENTRE,9.5
03N,C88069,CLOVER GROUP PRACTICE,9.5
03N,C88051,PAGE HALL MEDICAL CENTRE,8.6
03N,C88653,GREENHILL HEALTH CENTRE,8.4
03N,C88059,HAROLD STREET MEDICAL CENTRE,8.4
03N,C88631,MEERSBROOK MEDICAL CENTRE,8.4
03N,C88091,BARNSLEY ROAD SURGERY,8.3
03N,C88048,BURNGREAVE SURGERY,8.1
03N,C88057,CROOKES VALLEY MEDICAL CENTRE,8.0
03M,B82628,HUNMANBY SURGERY,6.4
03M,B82037,FILEY SURGERY,6.2
03M,B82024,EASTFIELD MEDICAL CENTRE,5.9
03M,B82001,FALSGRAVE SURGERY,5.8
03M,B82056,CLAREMONT SURGERY,5.7
03M,B82092,BELGRAVE SURGERY,5.6
03M,B82088,TRAFALGAR MEDICAL PRACTICE,5.4
03M,B82063,WEST AYTON SURGERY,5.3
03M,B82054,SCARBOROUGH MEDICAL GROUP,5.2
03M,B82038,PROSPECT ROAD SURGERY,5.2
03L,C87608,SHAKESPEARE ROAD SURGERY,8.8
03L,C87621,BROOM VALLEY ROAD SURGERY,8.8
03L,C87005,ST. ANN'S MEDICAL CENTRE,7.3
03L,C87010,YORK ROAD SURGERY,7.3
03L,C87031,DR SHRIVASTAVA'S PRACTICE,7.1
03L,C87019,WATH HEALTH CENTRE,6.9
03L,C87003,WOODSTOCK BOWER GROUP PRACTICE,6.6
03L,C87006,KILNHURST SURGERY,6.5
03L,C87030,CROWN STREET SURGERY,6.5
03L,C87618,DR MB ZUBAIRU'S PRACTICE,6.4
03K,B81648,BHORCHI GR,8.0
03K,B81630,HAYES GJ,7.2
03K,B81045,ASHBY TURN PRIMARY CARE PARTNERS,7.0
03K,B81686,BALASANTHIRAN S,7.0
03K,B81064,MELROSE JR,7.0
03K,B81109,RIVERSIDE SURGERY,6.8
03K,B81628,VORA A,6.6
03K,B81065,TRENT VIEW MEDICAL PRACTICE,6.6
03K,B81113,CEDAR MEDICAL PRACTICE,6.5
03K,B81063,BRIDGE STREET SURGERY,6.4
03J,B85055,WEST PARK SURGERY,9.4
03J,B85652,THE NEW BREWERY LANE SURGERY,9.1
03J,B85041,MOUNT PLEASANT MEDICAL CENTRE,9.1
03J,B85606,SLAITHWAITE ROAD SURGERY,8.7
03J,B85650,RAVENSTHORPE HEALTH CENTRE,8.4
03J,B85009,DR CHANDRA & PARTNERS,7.7
03J,B85629,DR T UNNIKRISHNAN'S PRACTICE,7.4
03J,B85621,GREENSIDE SURGERY,7.0
03J,B85004,HALIFAX ROAD SURGERY,6.9
03J,B85018,GROVE HOUSE SURGERY,6.8
03H,B81642,ZARO MA,8.3
03H,B81102,BANERJEE S,7.7
03H,B81664,HUMBERVIEW SURGERY,7.6
03H,B81023,THE CHANTRY HEALTH GROUP,7.3
03H,B81606,STIRLING MEDICAL CENTRE (MATHEWS),7.3
03H,B81039,THE ROXTON PRACTICE,7.2
03H,B81055,SHARMA RP,6.9
03H,B81003,BEACON MEDICAL,6.8
03H,B81030,SCARTHO MEDICAL CENTRE,6.7
03H,B81655,BEDI NPS,6.5
03G,B86103,CONWAY MEDICAL CENTRE,9.1
03G,B86633,DR A KHAN & K MUNEER,7.9
03G,B86061,HAREHILLS CORNER SURGERY,7.6
03G,Y00683,GRANGE MEDICARE - SWILLINGTON HP,7.4
03G,B86037,RADSHAN MEDICAL CENTRE,7.0
03G,B86055,ASHFIELD MEDICAL CENTRE,6.8
03G,B86062,THE MEDICAL CENTRE,6.6
03G,B86054,THE GARDEN SURGERY,6.5
03G,B86092,KIPPAX HALL SURGERY,6.4
03G,B86012,LEEDS CITY MEDICAL PRACTICE,6.3
03F,Y02748,HAXBY ORCHARD PARK SURGERY,9.7
03F,B81080,DR GS MALCZEWSKI'S PRACTICE,8.4
03F,B81038,J MILLER & PARTNERS,7.3
03F,Y02786,PRIORY SURGERY,7.3
03F,B81040,DR JAD WEIR & PARTNERS,6.9
03F,B81683,DR AS RAGHUNATH AND PTNRS,6.9
03F,B81053,DIADEM MEDICAL PRACTICE,6.9
03F,B81027,ST. ANDREWS GROUP PRACTICE,6.8
03F,B81074,DR AK REJ,6.8
03F,B81054,VARMA MJP,6.6
03E,B82036,DR FLETCHER & PTRS,5.4
03E,B82032,CHURCH LANE SURGERY,5.2
03E,B82069,BEECH HOUSE SURGERY,5.1
03E,B82060,EASTGATE MEDICAL GROUP,5.0
03E,B82059,DR DF BANNATYNE & PARTNERS,4.9
03E,B82008,NORTH HOUSE SURGERY,4.9
03E,B82016,EAST PARADE SURGERY,4.8
03E,B82010,DR BURTON & PARTNERS,4.8
03E,B82004,NIDDERDALE GROUP PRACTICE,4.5
03E,B82030,DR AKESTER & PARTNERS,4.3
03D,B82023,CATTERICK VILLAGE SURGERY,6.4
03D,B82035,SCORTON MEDICAL CENTRE,6.0
03D,B82042,LAMBERT MEDICAL CENTRE,5.9
03D,B82046,STAITHES SURGERY,5.7
03D,B82066,GLEBE HOUSE SURGERY,5.7
03D,B82606,SANDSEND SURGERY,5.5
03D,B82078,LEYBURN MEDICAL PRACTICE,5.3
03D,B82050,MOWBRAY HOUSE SURGERY,5.3
03D,B82049,THIRSK DOCTORS SURGERY,5.2
03D,B82044,STOKESLEY SURGERY,5.1
03C,B86094,THE GABLES SURGERY,6.0
03C,B86028,DR CA HICKS' PRACTICE,5.9
03C,B86101,GILDERSOME HEALTH CENTRE,5.8
03C,B86024,PRIORY VIEW MEDICAL CENTRE,5.7
03C,B86018,PUDSEY HEALTH CENTRE,5.6
03C,B86060,THORNTON MEDICAL CENTRE,5.5
03C,B86058,DR KW MCGECHAEN & PARTNER,5.4
03C,B86065,MOOR GRANGE,5.4
03C,B86015,MANOR PARK SURGERY,5.3
03C,B86004,HIGHFIELD SURGERY,5.3
03A,B85611,DR HANDA & PARTNER,8.5
03A,B85625,DR REDDY & PARTNER,8.0
03A,B85623,MARSH SURGERY,7.0
03A,B85060,DR WYBREW & PARTNER,7.0
03A,B85028,THE GRANGE GROUP PRACTICE,6.9
03A,B85040,DR TAYLOR & PARTNERS,6.5
03A,B85641,LOCKWOOD & CROSLAND MOOR GROUP PRACTICE,6.3
03A,B85036,DR BOULTON AND PARTNERS,6.3
03A,B85016,MELTHAM ROAD SURGERY,6.2
03A,B85048,WOODHOUSE HILL SURGERY,6.0
02Y,B81069,"PRACTICE 3, MEDICAL CENTRE, BRIDLINGTON",8.6
02Y,B81006,"MANOR HOUSE SURGERY, BRIDLINGTON",8.2
02Y,B81025,SOUTH HOLDERNESS MEDICAL PRACTICE,8.2
02Y,B81004,"EASTGATE MEDICAL GROUP, HORNSEA",7.6
02Y,B81060,FIELD HOUSE SURGERY,7.4
02Y,B81014,"PRACTICE 2, MEDICAL CENTRE, BRIDLINGTON",7.2
02Y,Y02656,GP ACCESS CENTRE AT BRIDLINGTON,7.2
02Y,B81050,HEDON GROUP PRACTICE,7.1
02Y,B81070,"PRACTICE 1, MEDICAL CENTRE, BRIDLINGTON",7.0
02Y,B81120,DRS KELLY AND BAWN,6.7
02X,C86621,WEST END CLINIC,8.0
02X,C86021,WHITEHOUSE FARM MEDICAL CENTRE,8.0
02X,C86037,FIELD ROAD SURGERY,7.8
02X,C86030,THE PHOENIX MEDICAL PRACTICE,7.7
02X,C86616,CHURCH VIEW SURGERY,7.6
02X,C86018,NORTHFIELD SURGERY,7.6
02X,C86005,DR KIRUPANANTHAM AND PARTNERS,7.6
02X,C86001,CARCROFT DOCTORS GROUP,7.5
02X,C86003,THE HEATHFIELD CENTRE,7.5
02X,C86015,THE ROSSINGTON PRACTICE,7.4
02W,B83621,DR A AZAM & PARTNERS,9.8
02W,B83058,THE AVICENNA MEDICAL PRACTICE,9.5
02W,B83661,DR MI MALIK,9.3
02W,B83626,VALLEY VIEW SURGERY,9.1
02W,B83660,BILTON MEDICAL CENTRE,9.0
02W,B83026,PRIMROSE SURGERY,8.9
02W,B83629,PEEL PARK SURGERY,8.6
02W,B83025,LITTLE HORTON LANE MEDICAL CENTRE-MALL,8.6
02W,B83052,KENSINGTON ST HC - WILSON,8.4
02W,B83628,ALICE STREET SURGERY,8.4
02V,B86090,WOODLANDS SURGERY,9.7
02V,B86031,WESTFIELD MEDICAL CENTRE,9.0
02V,B86651,ONE MEDICARE LLP,8.9
02V,B86070,THE THAKUR PRACTICE,6.4
02V,B86026,THE LODGE MEDICAL CENTRE,6.1
02V,B86023,THE AVENUE SURGERY,5.9
02V,B86673,BRAMHAM MEDICAL CENTRE,5.9
02V,B86108,CHAPELTOWN FAMILY SURGERY,5.8
02V,B86022,CHAPELOAK SURGERY,5.7
02V,B86107,MOORCROFT SURGERY,5.5
02T,Y03112,MEADOW DALE GROUP PRACTICE,9.7
02T,B84002,QUEENS ROAD SURGERY,9.1
02T,B84612,LISTER LANE SURGERY,7.9
02T,B84012,SPRING HALL GROUP PRACTICE,7.1
02T,B84017,BURLEY STREET SURGERY,6.6
02T,B84016,BANKFIELD SURGERY,6.4
02T,B84006,TODMORDEN GROUP PRACTICE,5.9
02T,B84013,PLANE TREES GROUP PRACTICE,5.8
02T,B84019,DR CARSLEY AND PARTNERS,5.7
02T,B84021,KING CROSS PRACTICE,5.6
02R,B83641,ASHWELL MEDICAL CENTRE,9.9
02R,B83631,WOODHEAD ROAD SURGERY,9.4
02R,B83071,PHOENIX MEDICAL PRACTICE,8.3
02R,B83007,THE HEATON MEDICAL PRACTICE,8.3
02R,B83011,WOODROYD CENTRE,8.0
02R,B83055,THE RIDGE MEDICAL PRACTICE,7.9
02R,B83658,ROYDS HEALTHY LIVING CENTRE,7.7
02R,B83010,PARKLANDS MEDICAL PRACTICE,7.7
02R,B83038,LEYLANDS MEDICAL CENTRE,7.6
02R,B83035,HORTON PARK SURGERY - GAGUINE,7.6
02Q,C84094,RIVERSIDE HEALTH CENTRE,6.7
02Q,C84143,TALL TREES SURGERY,6.7
02Q,C84008,TUXFORD MEDICAL CENTRE,6.6
02Q,C84692,NORTH LEVERTON SURGERY,6.6
02Q,C84700,HARWORTH MEDICAL CENTRE,6.4
02Q,C84001,LARWOOD SURGERY,6.4
02Q,C84035,CROWN HOUSE SURGERY,6.2
02Q,C84101,BAWTRY AND BLYTH MEDICAL,5.9
02Q,C84013,BRIDGEGATE SURGERY,5.8
02Q,C84024,NEWGATE MEDICAL GROUP,5.7
02P,C85600,PARK STREET PRACTICE,8.3
02P,C85624,COPE STREET SURGERY,8.2
02P,C85012,GREAT HOUGHTON PRACTICE,8.1
02P,C85018,GRIMETHORPE SURGERY,8.0
02P,C85013,WOMBWELL PMS PRACTICE,7.6
02P,C85017,PARK GROVE SURGERY,7.5
02P,C85607,FIRST DUKE STREET HEALTH CENTRE PRACTICE,7.5
02P,C85008,HOYLAND FIRST PMS PRACTICE,7.4
02P,C85609,BRAMPTON HEALTH CENTRE PRACTICE,7.4
02P,C85619,ST. GEORGE'S MEDICAL CENTRE PMS PRACTICE,7.2
02N,B83021,FARFIELD GROUP PRACTICE,6.6
02N,B83008,LINGHOUSE MEDICAL CENTRE,6.1
02N,B82053,DYNELEY HOUSE SURGERY,6.1
02N,B82028,FISHER MEDICAL CENTRE,6.1
02N,B83033,KILMENY SURGERY,5.9
02N,B83006,SILSDEN GROUP PRACTICE,5.9
02N,B83027,HAWORTH MEDICAL PRACTICE,5.8
02N,B83620,ADDINGHAM SURGERY,5.7
02N,B83023,HOLYCROFT SURGERY,5.6
02N,B83061,OAKWORTH HEALTH CENTRE,5.2
02M,P81690,BELLE VUE SURGERY,8.3
02M,P81742,BEECHWOOD SURGERY,7.9
02M,P81087,THE OVER-WYRE MEDICAL CENTRE,7.7
02M,P81745,WAVERLEY SURGERY,7.1
02M,P81086,BROADWAY MEDICAL CENTRE 1,7.1
02M,P81737,THE OLD LINKS SURGERY,7.0
02M,P81037,ANSDELL MEDICAL CENTRE,6.5
02M,P81210,PARK ROAD MEDICAL PRACTICE,6.5
02M,P81133,THE VILLAGE PRACTICE,6.3
02M,P81089,THE MOUNT VIEW PRACTICE,6.1
02H,P92643,DAS DN,8.6
02H,P92633,HATIKAKOTY N,7.6
02H,P92021,DR BEZZINA & PARTNERS,7.4
02H,Y02378,DR ALISTAIR ASHTON,7.4
02H,P92006,DR AHMAD & PARTNERS,7.4
02H,P92012,DR ANIS & ANIS,7.2
02H,P92639,SHAHBAZI SS,6.9
02H,P92005,ZAMAN,6.9
02H,Y02322,LEIGH FAMILY PRACTICE,6.9
02H,Y02886,INTRAHEALTH FAMILY PRACTICE,6.9
02G,P81136,DR A BISARYA,7.8
02G,P81774,DR A LITTLER,7.8
02G,P81772,NORTH MEOLS MEDICAL CENTRE,7.7
02G,P81727,COUNTY ROAD SURGERY,7.4
02G,P81208,DR SK SUR,6.5
02G,P81121,DR JL JAIN,6.3
02G,P81014,LEYLAND HOUSE SURGERY,6.1
02G,P81039,MANOR PRIMARY CARE,6.1
02G,P81138,BURSCOUGH FAMILY PRACTICE,6.0
02G,P81112,BEACON PRIMARY CARE,6.0
02F,N81093,WHITBY GROUP PRACTICE SURGERY  (RED),7.2
02F,N81095,THE GREAT SUTTON MEDICAL CENTRE (BLUE),7.2
02F,N81117,OLD HALL SURGERY,6.8
02F,N81102,HOOLE ROAD SURGERY,6.6
02F,N81091,WHITBY GROUP PRACTICE SURGERY  (BLACK),6.4
02F,N81023,WHITBY GROUP PRACTICE SURGERY  (GREEN),6.2
02F,N81050,THE GREAT SUTTON MEDICAL CENTRE (GREEN),6.1
02F,N81094,THE GREAT SUTTON MEDICAL CENTRE (RED),6.1
02F,N81060,NESTON SURGERY,6.0
02F,N81607,WESTMINSTER SURGERY,5.9
02E,N81097,THE ERIC MOORE HEALTH CENTRE (AWAN),8.7
02E,N81020,PENKETH HEALTH CENTRE,7.3
02E,N81036,THE BEWSEY STREET MEDICAL CENTRE,7.3
02E,N81056,FOLLY LANE MEDICAL CENTRE,7.1
02E,N81048,FEARNHEAD CROSS MEDICAL CENTRE,6.8
02E,N81628,THE ERIC MOORE PARTNERSHIP,6.8
02E,N81089,GREENBANK SURGERY,6.7
02E,N81012,GUARDIAN STREET MED/CENTRE,6.5
02E,N81065,LATCHFORD MEDICAL CENTRE,6.3
02E,N81645,FOUR SEASONS MEDICAL CENTRE,6.3
02D,N81024,SWANLOW MEDICAL CENTRE,7.2
02D,N81127,THE WEAVER VALE SURGERY,6.9
02D,N81061,WITTON STREET SURGERY,6.3
02D,N81025,FIRDALE MEDICAL CENTRE,6.3
02D,N81074,LAUNCESTON CLOSE SURGERY,6.0
02D,N81040,HIGH STREET PRACTICE WINSFORD,5.8
02D,N81087,DANEBRIDGE MEDICAL CENTRE,5.7
02D,N81113,MIDDLEWICH ROAD SURGERY,5.7
02D,N81051,THE WEAVERHAM SURGERY,5.2
02D,N81055,WATLING STREET SURGERY,5.2
02A,P91027,THE ALI MEDICAL PRACTICE,9.0
02A,P91020,THE BROOKS BAR MEDICAL CENTRE,7.6
02A,P91007,TIMPERLEY H.C. (WESTWOOD),7.2
02A,P91625,GLOUCESTER HOUSE MEDICAL CENTRE,7.1
02A,P91019,PARTINGTON CENTRAL SURGERY,6.9
02A,P91029,FAIRVIEW MEDICAL CENTRE,6.9
02A,P91615,GORSE HILL MEDICAL CENTRE,6.8
02A,P91619,OLD TRAFFORD MEDICAL PRACTICE,6.5
02A,P91629,CHESTER ROAD SURGERY,6.4
02A,P91026,PARTINGTON FAMILY PRACTICE,6.4
01Y,P89011,GORDON STREET MEDICAL CENTRE,9.2
01Y,P89030,WEST END MEDICAL CENTRE,8.3
01Y,P89609,STAMFORD HOUSE,8.2
01Y,P89003,ALBION MEDICAL PRACTICE,7.2
01Y,P89014,HAUGHTON/THORNLEY MEDICAL CENTRES,7.2
01Y,P89618,PIKE MEDICAL PRACTICE,7.1
01Y,P89613,WATERLOO MEDICAL CENTRE,7.1
01Y,P89026,GROSVENOR MEDICAL CENTRE,6.9
01Y,P89027,THE HOLLIES SURGERY,6.9
01Y,P89008,BEDFORD HOUSE MEDICAL CENTRE,6.7
01X,N83020,HAYDOCK MEDICAL CENTRE,7.9
01X,N83060,HOLLY BANK SURGERY,7.8
01X,N83003,ORMSKIRK HOUSE SURGERY,7.7
01X,N83017,HALL STREET MEDICAL CENTRE,7.5
01X,N83008,BERRYMEAD FAMILY MEDICAL CENTRE,7.3
01X,N83022,LIME GROVE SURGERY,7.2
01X,N83050,THE BOWERY MEDICAL CENTRE,7.1
01X,N83005,MARKET STREET,7.0
01X,N83010,THE VILLAGE SURGERY,7.0
01X,N83023,PARK HOUSE SURGERY,6.9
01W,P88010,HEATON NORRIS HEALTH CENTRE 2,9.0
01W,P88033,SHAW VILLA MEDICAL CENTRE,8.3
01W,P88600,THE SURGERY 1,8.2
01W,P88023,HEALD GREEN HEALTH CENTRE 2,7.5
01W,P88604,LOWFIELD SURGERY,7.3
01W,P88001,BRINNINGTON HEALTH CENTRE 1,7.0
01W,P88628,HOULDSWORTH MEDICAL CENTRE,6.7
01W,P88009,WOODLEY HEALTH CENTRE 2,6.5
01W,P88003,MANOR MEDICAL PRACTICE,6.4
01W,P88624,WOODLEY HEALTH CENTRE,6.3
01V,N84014,AINSDALE VILLAGE SURGERY,7.9
01V,N84613,THE CORNER SURGERY (DR MULLA),7.5
01V,N84611,ROE LANE SURGERY,7.3
01V,N84024,GRANGE SURGERY,6.8
01V,N84013,CURZON ROAD MEDICAL PRACTICE,6.5
01V,N84012,AINSDALE MEDICAL CENTRE,6.4
01V,Y02610,TRINITY PRACTICE,6.4
01V,N84006,CHAPEL LANE SURGERY,6.2
01V,N84037,LINCOLN HOUSE SURGERY,6.2
01V,N84005,CUMBERLAND HOUSE SURGERY,6.0
01T,N84605,LITHERLAND TOWN HALL HEALTH CENTRE (TAYLOR),8.8
01T,N84034,PARK STREET SURGERY,6.6
01T,N84622,MAGHULL HEALTH CENTRE (DR THOMAS),6.6
01T,N84035,15 SEFTON ROAD,6.4
01T,N84002,AINTREE ROAD MEDICAL CENTRE,6.3
01T,N84025,WESTWAY MEDICAL CENTRE,6.2
01T,N84015,BOOTLE VILLAGE SURGERY,6.1
01T,N84009,AZALEA SURGERY,6.1
01T,N84029,FORD MEDICAL PRACTICE,6.0
01T,N84004,GLOVERS LANE SURGERY,6.0
01R,N81068,GROSVENOR MEDICAL CENTRE,6.7
01R,N81039,OAKLANDS,6.6
01R,N81053,EARNSWOOD MEDICAL CENTRE,6.2
01R,N81015,THE DELAMERE PRACTICE,6.1
01R,N81010,NANTWICH HEALTH CENTRE,6.0
01R,N81071,CINDERHILL LANE SURGERY,5.8
01R,N81044,DP GPS HARDY & PTNRS,5.8
01R,N81043,HASLINGTON SURGERY,5.7
01R,N81047,THE KILTEARN MEDICAL CENTRE,5.7
01R,N81016,MILLCROFT MEDICAL CENTRE,5.7
01N,P84639,FALLOWFIELD MEDICAL CENTRE,7.9
01N,P84066,DAVID MEDICAL CENTRE - DR SHARMA,7.7
01N,P84665,AL-SHIFA MEDICAL CENTRE,7.7
01N,P84024,BOWLAND MEDICAL PRACTICE,6.8
01N,P84048,TREGENNA GROUP PRACTICE,6.8
01N,P84021,THE MAPLES MEDICAL CENTRE,6.7
01N,P84012,NORTHENDEN GROUP PRACTICE,6.5
01N,P84014,RK MEDICAL PRACTICE,6.5
01N,P84029,BENCHILL MEDICAL PRACTICE,6.5
01N,P84022,KINGSWAY GROUP PRACTICE,6.3
01M,P84640,QUEENS MEDICAL CENTRE,7.7
01M,P84030,NEW COLLEGIATE MEDICAL CENTRE,6.7
01M,P84046,CHEETHAM HILL PRIMARY CARE CENTRE,6.5
01M,P84645,PARKVIEW MEDICAL CENTRE,6.4
01M,P84059,THE FAMILY SURGERY,6.4
01M,P84054,WHITLEY ROAD MEDICAL CENTRE,6.4
01M,P84040,CONRAN MEDICAL CENTRE,6.3
01M,P84004,FIVE OAKS FAMILIY PRACTICE,6.2
01M,P84631,ARTANE MEDICAL CENTRE,6.2
01M,P84047,DROYLSDEN RD FAMILY PRACTICE,6.2
01K,P81153,THE WESTGATE MEDICAL PRACTICE,7.3
01K,Y01008,COASTAL MEDICAL GROUP,7.0
01K,P81091,OWEN ROAD SURGERY,6.4
01K,P81624,STRAWBERRY GDNS MEDICAL PRACTICE,6.0
01K,P81056,ROSEBANK SURGERY,5.8
01K,P81002,DALTON SQUARE PRACTICE,5.7
01K,P81190,LANDSCAPE,5.6
01K,P81006,WINDSOR SURGERY,5.5
01K,P81085,YORK BRIDGE SURGERY,5.5
01K,P81013,QUEEN SQUARE SURGERY,5.5
01J,N83024,DR M AHAMED'S PRACTICE,8.4
01J,N83025,CORNERWAYS MEDICAL CENTRE,8.3
01J,N83611,MK & NN RAHMAN,8.2
01J,N83633,NUTGROVE VILLA,7.6
01J,N83603,PRESCOT PRIMARY CARE RESOURCE CENTRE,7.5
01J,N83610,COLBY MEDICAL CENTRE,7.3
01J,N83043,LONGVIEW PRIMARY CARE CENTRE,7.1
01J,N83609,DR TM AUNG'S PRACTICE,7.0
01J,N83018,DR PL JONES' PRACTICE,6.9
01J,N83033,DR RI KING'S PRACTICE,6.6
01H,A82040,CATHERINE STREET SURGERY,8.2
01H,A82023,DISTINGTON SURGERY,7.6
01H,A82041,LOWTHER MEDICAL CENTRE,7.4
01H,A82032,MARYPORT HEALTH SERVICES,7.1
01H,A82064,WESTCROFT HOUSE SURGERY,7.0
01H,A82015,WARWICK ROAD SURGERY,6.9
01H,A82037,SILLOTH GROUP MEDICAL PRACTICE,6.9
01H,A82033,WATERLOO HOUSE SURGERY,6.8
01H,A82623,SOLWAY HEALTH SERVICES,6.7
01H,A82011,HARTINGTON STREET MEDICAL PRACTICE,6.7
01G,P87641,HIGHER BROUGHTON MEDICAL PRACTICE (1),7.3
01G,P87036,LOWER BROUGHTON MEDICAL PRACTICE (4),7.3
01G,P87637,THE NELSON FOLD MEDICAL PRACTICE,7.2
01G,P87630,CHERRY MEDICAL PRACTICE,7.2
01G,P87019,LOWRY MEDICAL PRACTICE,7.2
01G,P87015,PENDLETON MEDICAL CENTRE,7.2
01G,P87024,SPRINGFIELD HOUSE MEDICAL PRACTICE (3),7.1
01G,P87032,ORIENT ROAD MEDICAL PRACTICE,7.0
01G,P87618,MANCHESTER ROAD MEDICAL PRACTICE (7),6.6
01G,P87022,MOCHA PARADE MEDICAL PRACTICE,6.6
01F,N81019,CASTLEFIELDS,7.8
01F,N81045,PEELHOUSE MEDICAL PLAZA,7.6
01F,N81057,TOWER HOUSE PRACTICE,7.4
01F,N81119,UPTON MEDICAL CENTRE,7.2
01F,N81096,BROOKVALE PRACTICE,7.2
01F,N81066,GROVE HOUSE PRACTICE,6.9
01F,N81011,BEACONSFIELD SURGERY,6.6
01F,N81064,NEWTOWN SURGERY,6.5
01F,N81037,THE BEECHES MEDICAL CENTRE,6.5
01F,N81035,APPLETON VILLAGE SURGERY,6.3
01E,P81163,THE ST PAULS SURGERY,9.5
01E,P81647,DR JN JHA,9.1
01E,P81685,DR SZ SHAHID,8.8
01E,P81196,ISSA MEDICAL CENTRE - PATEL,7.8
01E,P81763,DR HP CHAKRABARTI,7.7
01E,P81046,PARK VIEW SURGERY,7.2
01E,P81071,THE NEW HALL LANE PRACTICE,6.8
01E,P81169,FISHERGATE HILL SURGERY,6.8
01E,P81667,ST. WALBURGE'S MEDICAL PRACTICE,6.7
01E,P81785,MEDICOM LTD,6.5
01D,P86622,DRAKE STREET SURGERY,8.3
01D,P86002,VICARS DRIVE SURGERY,7.6
01D,P86609,DR HB SYED,7.3
01D,Y02718,BIRTLE VIEW MEDICAL PRACTICE,6.7
01D,P86620,WINDERMERE SURGERY,6.7
01D,P86008,MARK STREET SURGERY,6.5
01D,P86023,HOPWOOD MEDICAL CENTRE,6.4
01D,P86007,WELLFIELD SURGERY,6.3
01D,P86018,LITTLEBOROUGH GROUP PRACTICE,6.3
01D,P86016,ARGYLE STREET MEDICAL CENTRE,6.1
01C,N81013,HIGH STREET SURGERY,6.5
01C,N81029,SOUTH PARK SURGERY,6.3
01C,N81073,PRIORSLEGH MEDICAL CENTRE,6.2
01C,N81049,ANNANDALE MEDICAL CENTRE,6.2
01C,N81027,READESMOOR MEDICAL GROUP PRACTICE,6.1
01C,N81052,LAWTON HOUSE SURGERY,6.0
01C,N81085,PARK LANE HOUSE MEDICAL CENTRE,5.9
01C,N81077,THE HEALTH CENTRE (HOLMES CHAPEL),5.7
01C,N81062,CUMBERLAND HOUSE SURGERY,5.7
01C,N81070,HANDFORTH HEALTH CENTRE,5.7
01A,P81797,BRIERFIELD PMS,9.8
01A,P81780,RUSKIN HEALTH CARE,9.7
01A,P81726,KING STREET MEDICAL CENTRE,9.4
01A,P81182,RICHMOND MEDICAL CENTRE,9.1
01A,P81731,DR JEHANGIR (SH),8.7
01A,P81736,WHITEFIELD HEALTHCARE,8.7
01A,P81170,DR MALIK & PARTNER,8.4
01A,P81166,KUSUM MEDICAL CENTRE,8.0
01A,P81174,MILLSIDE SURGERY,7.7
01A,P81641,THE HORSFIELD PRACTICE,7.3
00Y,Y02827,JOHN STREET MEDICAL PRACTICE,9.5
00Y,P85024,WESTWOOD MEDICAL PRACTICE,9.0
00Y,P85615,KAPUR FAMILY CARE,8.3
00Y,P85003,THE CHOWDHURY PRACTICE,8.2
00Y,P85605,LITTLETOWN FAMILY MEDICAL PRACTICE,8.2
00Y,P85613,MOHANTY PRACTICE,8.1
00Y,P85015,ALEXANDRA GROUP MEDICAL PRACTICE,7.7
00Y,P85621,SUN VALLEY MEDICAL PRACTICE,7.3
00Y,P85029,RADCLIFFE MEDICAL PRACTICE,7.2
00Y,P85001,DONALD WILDE MEDICAL CENTRE,7.2
00X,P81117,CENTRAL PARK SURGERY,7.4
00X,P81687,NEW LONGTON SURGERY,7.1
00X,P81127,CHORLEY HEALTH CENTRE - GALE,6.9
00X,P81038,CHORLEY HEALTH CENTRE - BAMFORD,6.8
00X,P81769,LOSTOCK HALL VILLAGE SURGERY,6.7
00X,P81033,COPPULL MEDICAL PRACTICE,6.7
00X,P81154,GRANVILLE HOUSE MEDICAL CENTRE,6.6
00X,P81082,THE RYAN MEDICAL CENTRE,6.5
00X,P81180,CLAYTON BROOK SURGERY,6.5
00X,P81062,REGENT HOUSE SURGERY,6.3
00W,P84626,WILMSLOW ROAD SURGERY,9.9
00W,P84668,DR CHAUDURY'S PRACTICE,8.4
00W,P84644,PARKSIDE SURGERY,7.8
00W,P84652,CORKLAND ROAD MEDICAL PRACTICE,7.7
00W,P84659,DR HUSSAIN'S PRACTICE,7.3
00W,P84635,ALEXANDRA RANGE,7.3
00W,P84642,DR DASS'S PRACTICE,7.3
00W,P84650,THE ALEXANDRA PRACTICE,7.1
00W,P84056,PRINCESS ROAD SURGERY,7.1
00W,P84009,AILSA CRAIG MEDICAL CENTRE,7.1
00V,P83611,WALMERSLEY ROAD MEDCIAL PRACTICE,7.4
00V,P83024,KNOWSLEY MEDICAL CENTRE,7.4
00V,P83609,THE BIRCHES MEDICAL CENTRE,6.3
00V,P83005,RIBBLESDALE GP-DR SUBBIAH,6.2
00V,P83011,UNSWORTH MEDICAL CENTRE,6.1
00V,P83603,RED BANK GROUP PRACTICE,6.1
00V,P83010,MONARCH MEDICAL CENTRE,6.0
00V,Y02660,THE RLC SURGERY,5.9
00V,P83608,THE ELMS MEDICAL CENTRE,5.9
00V,P83009,BLACKFORD HOUSE MEDICAL CENTRE,5.9
00T,P82004,SWAN LANE MEDICAL CENTRE,9.9
00T,P82629,PIKES LANE 2,9.8
00T,P82013,LEVER CHAMBERS 2,8.5
00T,Y00186,3D MEDICAL CENTRE,8.4
00T,P82652,FARNWORTH HEALTH CENTRE 2,8.0
00T,P82613,SPRING VIEW MEDICAL CENTRE,7.8
00T,P82009,ST. HELENS ROAD PRACTICE,7.6
00T,P82010,DALEFIELD SURGERY,7.6
00T,P82626,HALLIWELL SURGERY 3,7.5
00T,P82633,GREAT LEVER HEALTH CENTRE 1,7.4
00R,P81073,CLEVELEYS GROUP PRACTICE,8.0
00R,P81681,DR PARR-BURMAN'S SURGERY,8.0
00R,P81722,ASHFIELD MEDICAL CENTRE,7.7
00R,P81684,DR DP CHARLES' PRACTICE,7.7
00R,P81092,THE CRESCENT SURGERY,7.4
00R,P81629,DR DD MISTRY'S PRACTICE,6.8
00R,P81063,ST. PAULS MEDICAL CENTRE,6.8
00R,P81016,WATERLOO MEDICAL CENTRE,6.5
00R,P81074,DR SE PRIESTLEY'S PRACTICE,6.5
00R,P81042,ADELAIDE STREET SURGERY,6.4
00Q,P81643,DR Z BUX'S PRACTICE,9.9
00Q,P81683,DR A ALAM'S PRACTICE,9.6
00Q,P81724,PRINGLE STREET SURGERY,9.5
00Q,P81707,DR N NAGPAL'S PRACTICE,9.0
00Q,P81204,DR SD JADHAV'S PRACTICE,8.3
00Q,P81771,DR RC RAUTRAY'S PRACTICE,8.3
00Q,P81673,DR RPS VIRDI'S PRACTICE,8.2
00Q,P81167,DR MK DATTA'S PRACTICE,7.9
00Q,P81005,DR CH MOWBRAY'S PRACTICE,7.1
00Q,P81704,DR I TIMSON'S PRACTICE,7.0
00P,A89620,DR THOMAS,7.9
00P,A89029,SPRINGWELL HOUSE,7.3
00P,A89019,"DRS CLOAK, CHOI AND MILLIGAN",7.0
00P,A89018,ASHBURN MEDICAL CENTRE,6.9
00P,A89035,SOUTHLANDS MEDICAL GROUP,6.9
00P,A89024,THE BROADWAY MEDICAL PRACTICE,6.8
00P,A89013,THE NEW CITY MEDICAL GROUP,6.8
00P,A89004,PEPPER HM,6.7
00P,A89036,CASTLETOWN MEDICAL CENTRE,6.7
00P,A89604,DR WEATHERHEAD & ASSOCIATES,6.6
00N,Y00915,TRINITY RIVERSIDE PRACTICE,7.8
00N,A88006,TALBOT MEDICAL CENTRE,7.5
00N,A88020,FLAGG COURT (DR S CHANDER),7.3
00N,A88015,ST. GEORGE'S MEDICAL CENTRE,7.1
00N,A88003,MARSDEN RD. HEALTH CENTRE,7.1
00N,A88012,HEBBURN HEALTH CENTRE PRACTICE,7.1
00N,A88025,THE G.P.SUITE,7.1
00N,A88613,EAST WING PRACTICE,6.9
00N,A88023,WHITBURN SURGERY,6.9
00N,A88010,ALBERT ROAD SURGERY,6.8
00M,A81018,BENTLEY MEDICAL PRACTICE,7.6
00M,A81038,HIRSEL MEDICAL CENTRE,7.5
00M,A81047,MARSKE MEDICAL CENTRE,7.1
00M,A81065,THE ESTON SURGERY,7.0
00M,A81008,ALBERT HOUSE CLINIC,7.0
00M,A81042,SOUTH GRANGE MEDICAL CENTRE,6.9
00M,A81049,KINGS MEDICAL CENTRE,6.9
00M,A81048,ZETLAND MEDICAL PRACTICE,6.8
00M,A81053,WOODSIDE SURGERY,6.8
00M,A81605,PARK AVENUE SURGERY,6.5
00L,A84013,THE GABLES MEDICAL GROUP,8.6
00L,A84032,BURNHOUSE SURGERY,8.4
00L,A84036,WELLWAY MEDICAL GROUP,8.1
00L,A84029,WIDDRINGTON SURGERY,7.8
00L,A84020,GUIDEPOST MEDICAL GROUP,7.5
00L,A84028,SEATON PARK MEDICAL GROUP,7.3
00L,A84022,COQUET MEDICAL GROUP,7.3
00L,A84038,FORUM FAMILY PRACTICE,7.1
00L,A84026,WELL CLOSE SQUARE SURGERY,7.1
00L,A84014,MARINE MEDICAL GROUP,7.0
00K,A81056,MELROSE SURGERY,6.5
00K,A81609,DR BANERJEE,6.3
00K,A81014,QUEENSTREE PRACTICE,6.2
00K,A81001,THE DENSHAM SURGERY,6.1
00K,A81002,QUEENS PARK MEDICAL CENTRE,6.0
00K,A81006,TENNANT STREET MEDICAL PRACTICE,5.9
00K,A81612,THE PATEL PRACTICE,5.9
00K,A81063,THE HEADLAND MEDICAL CENTRE,5.9
00K,A81622,GLADSTONE HOUSE SURGERY,5.8
00K,A81011,CHADWICK PRACTICE,5.8
00J,A83637,PELTON FELL SURGERY,9.0
00J,A83622,THE HAVEN SURGERY,8.9
00J,A83076,DIPTON SURGERY,8.6
00J,A83023,STANLEY MEDICAL GROUP,8.1
00J,A83632,CRAGHEAD MEDICAL CENTRE,7.9
00J,A83029,THE SURGERY GREAT LUMLEY,7.7
00J,A83644,ANNFIELD PLAIN SURGERY,7.3
00J,A83024,WEST RAINTON SURGERY,7.2
00J,A83635,BOWBURN MEDICAL CENTRE,7.1
00J,A83018,CONSETT MEDICAL CENTRE,7.1
00H,Y02726,SCOTSWOOD GP PRACTICE,9.1
00H,A86021,HOLMSIDE MEDICAL GROUP,7.4
00H,A86013,DENTON PARK MEDICAL GROUP,7.2
00H,A86035,BROADWAY MEDICAL CENTRE,7.0
00H,A86037,GRAINGER MEDICAL GROUP,6.7
00H,A86012,WEST ROAD MEDICAL CENTRE,6.6
00H,A86025,WESTERHOPE MEDICAL GROUP,6.4
00H,A86601,DENTON TURRET MEDICAL CENTRE,6.4
00H,A86017,CRUDDAS PARK SURGERY,6.1
00H,Y00184,DILSTON MEDICAL CENTRE,6.0
00G,A86011,WALKER MEDICAL GROUP,6.6
00G,A86009,FALCON MEDICAL GROUP,6.2
00G,A86028,ELMFIELD HEALTH GROUP,5.9
00G,A86040,ST. ANTHONY'S HEALTH CENTRE,5.6
00G,A86029,THORNFIELD MEDICAL GROUP,5.5
00G,A86008,PARK MEDICAL GROUP,5.3
00G,A86023,37A MEDICAL CENTRE,5.0
00G,A86010,BIDDLESTONE HEALTH GROUP,4.9
00G,A86024,HEATON ROAD SURGERY,4.5
00G,A86018,THE GROVE MEDICAL GROUP,4.2
00F,A85013,MILLENNIUM FAMILY PRACTICE,7.5
00F,A85605,RYTON SURGERY,7.4
00F,A85601,BIRTLEY LANE SURGERY,7.3
00F,A85003,THE GROVE MEDICAL CENTRE,7.3
00F,A85021,SECOND STREET SURGERY,7.3
00F,A85614,THE BRIDGES MEDICAL CENTRE,7.0
00F,A85026,BEACON VIEW MEDICAL CENTRE,6.9
00F,A85024,PRIMARY HEALTHCARE CENTRE,6.9
00F,A85025,1 RAWLING ROAD (THE MEDICAL CENTRE),6.8
00F,A85016,DR KAURA & PARTNERS,6.5
00D,A83032,COCKFIELD SURGERY,8.8
00D,A83003,WILLINGTON MEDICAL GROUP,8.3
00D,A83627,DR M. SANGHERA,8.1
00D,A83037,DR FERGUSON & PARTNERS,7.7
00D,A83626,EVENWOOD SURGERY,7.7
00D,A83068,JUPITER HOUSE,7.6
00D,A83638,DR BALIGA,7.6
00D,A83008,HALLGARTH SURGERY,7.5
00D,A83025,BISHOPGATE MEDICAL CENTRE,7.1
00D,A83634,WEST CORNFORTH MEDICAL CENTRE,7.1
00C,A83005,WHINFIELD SURGERY,7.8
00C,A83040,CLIFTON COURT MEDICAL PRACTICE,7.3
00C,A83047,DENMARK STREET SURGERY,7.0
00C,A83006,ORCHARD COURT SURGERY,6.8
00C,A83641,PARKGATE SURGERY,5.9
00C,A83013,NEASHAM ROAD SURGERY,5.8
00C,A83034,BLACKETTS MEDICAL PRACTICE,5.7
00C,A83031,CARMEL MEDICAL PRACTICE,5.7
00C,A83010,MOORLANDS SURGERY,5.6
00C,A83070,FELIX HOUSE SURGERY,5.1
